submission_id,user_id,assignment_id,name,email,,course_id,enrollment_id,assignment_title,hand_in_date,due_date,reminder_date,submission_date,feedback_date,marks_submission_date,marks_approval_date,course_name,professor_id,course_start_date,name_professor,email_professor,grade
1,27,1,Jessica Coleman,dwilson@example.com,,14,71,Assignment1,2025-05-05,2025-07-26,2025-07-23,2025-07-21,2025-08-07,2025-08-14,2025-08-18,Intro to Philosophy,122,2025-05-09,Jesus Salinas,brandonkim@example.net,57
2,62,1,Sonya Mcgee,edwardwalter@example.org,,14,107,Assignment1,2025-05-05,2025-07-26,2025-07-23,2025-07-20,2025-08-07,2025-08-14,2025-08-18,Intro to Philosophy,122,2025-05-09,Jesus Salinas,brandonkim@example.net,58
3,25,1,Dustin Lopez,michaelbradshaw@example.org,,14,134,Assignment1,2025-05-05,2025-07-26,2025-07-23,2025-07-29,2025-08-07,2025-08-14,2025-08-18,Intro to Philosophy,122,2025-05-09,Jesus Salinas,brandonkim@example.net,83
4,110,1,Justin Gomez,masonrobert@example.org,,14,122,Assignment1,2025-05-05,2025-07-26,2025-07-23,2025-07-25,2025-08-07,2025-08-14,2025-08-18,Intro to Philosophy,122,2025-05-09,Jesus Salinas,brandonkim@example.net,53
5,54,1,Sarah Carpenter,stacywilliams@example.com,,14,1,Assignment1,2025-05-05,2025-07-26,2025-07-23,2025-07-23,2025-08-07,2025-08-14,2025-08-18,Intro to Philosophy,122,2025-05-09,Jesus Salinas,brandonkim@example.net,54
6,115,1,Heather Dunn,johnsonalison@example.net,,14,103,Assignment1,2025-05-05,2025-07-26,2025-07-23,2025-07-21,2025-08-07,2025-08-14,2025-08-18,Intro to Philosophy,122,2025-05-09,Jesus Salinas,brandonkim@example.net,60
7,28,1,Gabriel Brandt,kellycarolyn@example.net,,14,13,Assignment1,2025-05-05,2025-07-26,2025-07-23,2025-07-22,2025-08-07,2025-08-14,2025-08-18,Intro to Philosophy,122,2025-05-09,Jesus Salinas,brandonkim@example.net,54
8,92,1,Jake Fisher,kbarker@example.org,,14,55,Assignment1,2025-05-05,2025-07-26,2025-07-23,2025-08-01,2025-08-07,2025-08-14,2025-08-18,Intro to Philosophy,122,2025-05-09,Jesus Salinas,brandonkim@example.net,0
9,12,1,Kimberly Freeman,avilajoshua@example.net,,14,46,Assignment1,2025-05-05,2025-07-26,2025-07-23,2025-07-24,2025-08-07,2025-08-14,2025-08-18,Intro to Philosophy,122,2025-05-09,Jesus Salinas,brandonkim@example.net,58
10,20,1,Melanie Romero,cherylgordon@example.net,,14,171,Assignment1,2025-05-05,2025-07-26,2025-07-23,2025-08-01,2025-08-07,2025-08-14,2025-08-18,Intro to Philosophy,122,2025-05-09,Jesus Salinas,brandonkim@example.net,0
11,50,1,Gary Bruce,rebecca69@example.com,,14,175,Assignment1,2025-05-05,2025-07-26,2025-07-23,2025-07-22,2025-08-07,2025-08-14,2025-08-18,Intro to Philosophy,122,2025-05-09,Jesus Salinas,brandonkim@example.net,89
12,47,2,Kenneth Garcia,alex80@example.org,,2,6,Assignment2,2025-05-06,2025-08-02,2025-07-30,2025-08-02,2025-08-14,2025-08-18,2025-08-21,Intro to Math,132,2025-05-05,Kyle Francis,mgreer@example.net,77
13,98,2,Joshua Nguyen,lopezdawn@example.org,,2,16,Assignment2,2025-05-06,2025-08-02,2025-07-30,2025-07-30,2025-08-14,2025-08-18,2025-08-21,Intro to Math,132,2025-05-05,Kyle Francis,mgreer@example.net,71
14,40,2,Paula Mcclain,erin00@example.com,,2,217,Assignment2,2025-05-06,2025-08-02,2025-07-30,2025-08-05,2025-08-14,2025-08-18,2025-08-21,Intro to Math,132,2025-05-05,Kyle Francis,mgreer@example.net,51
15,1,2,Hannah Robles,carterzoe@example.com,,2,113,Assignment2,2025-05-06,2025-08-02,2025-07-30,2025-08-01,2025-08-14,2025-08-18,2025-08-21,Intro to Math,132,2025-05-05,Kyle Francis,mgreer@example.net,56
16,6,2,Linda Morris,ythompson@example.org,,2,185,Assignment2,2025-05-06,2025-08-02,2025-07-30,2025-08-05,2025-08-14,2025-08-18,2025-08-21,Intro to Math,132,2025-05-05,Kyle Francis,mgreer@example.net,61
17,111,2,Amber Williams,brendan56@example.com,,2,207,Assignment2,2025-05-06,2025-08-02,2025-07-30,2025-08-01,2025-08-14,2025-08-18,2025-08-21,Intro to Math,132,2025-05-05,Kyle Francis,mgreer@example.net,69
18,49,2,Jeffrey Figueroa,itodd@example.org,,2,141,Assignment2,2025-05-06,2025-08-02,2025-07-30,2025-08-02,2025-08-14,2025-08-18,2025-08-21,Intro to Math,132,2025-05-05,Kyle Francis,mgreer@example.net,57
19,75,2,Deborah Vasquez,gina31@example.com,,2,70,Assignment2,2025-05-06,2025-08-02,2025-07-30,2025-08-06,2025-08-14,2025-08-18,2025-08-21,Intro to Math,132,2025-05-05,Kyle Francis,mgreer@example.net,51
20,82,2,Natalie Henderson,fharris@example.net,,2,188,Assignment2,2025-05-06,2025-08-02,2025-07-30,2025-08-06,2025-08-14,2025-08-18,2025-08-21,Intro to Math,132,2025-05-05,Kyle Francis,mgreer@example.net,77
21,93,2,John Suarez,jeremy88@example.net,,2,120,Assignment2,2025-05-06,2025-08-02,2025-07-30,2025-08-04,2025-08-14,2025-08-18,2025-08-21,Intro to Math,132,2025-05-05,Kyle Francis,mgreer@example.net,53
22,42,2,Jessica Jennings,jenkinssandra@example.com,,2,10,Assignment2,2025-05-06,2025-08-02,2025-07-30,2025-07-29,2025-08-14,2025-08-18,2025-08-21,Intro to Math,132,2025-05-05,Kyle Francis,mgreer@example.net,47
23,103,2,Maria Mejia,mpennington@example.net,,2,17,Assignment2,2025-05-06,2025-08-02,2025-07-30,2025-08-04,2025-08-14,2025-08-18,2025-08-21,Intro to Math,132,2025-05-05,Kyle Francis,mgreer@example.net,30
24,119,2,Julie Jackson,aimee92@example.net,,2,7,Assignment2,2025-05-06,2025-08-02,2025-07-30,2025-07-27,2025-08-14,2025-08-18,2025-08-21,Intro to Math,132,2025-05-05,Kyle Francis,mgreer@example.net,96
25,99,2,Tracy Kramer,ddavis@example.com,,2,143,Assignment2,2025-05-06,2025-08-02,2025-07-30,2025-08-03,2025-08-14,2025-08-18,2025-08-21,Intro to Math,132,2025-05-05,Kyle Francis,mgreer@example.net,93
26,7,3,Scott Warren,jenniferdunn@example.org,,12,25,Assignment3,2025-05-10,2025-08-03,2025-07-31,2025-08-08,2025-08-15,2025-08-18,2025-08-21,Chemistry 101,131,2025-05-09,Rebecca Stokes,david35@example.com,37
27,45,3,Matthew Harris,samantha44@example.com,,12,76,Assignment3,2025-05-10,2025-08-03,2025-07-31,2025-07-27,2025-08-15,2025-08-18,2025-08-21,Chemistry 101,131,2025-05-09,Rebecca Stokes,david35@example.com,54
28,50,3,Gary Bruce,rebecca69@example.com,,12,174,Assignment3,2025-05-10,2025-08-03,2025-07-31,2025-08-06,2025-08-15,2025-08-18,2025-08-21,Chemistry 101,131,2025-05-09,Rebecca Stokes,david35@example.com,68
29,44,3,Brian Andrews,alexandervalentine@example.com,,12,132,Assignment3,2025-05-10,2025-08-03,2025-07-31,2025-08-03,2025-08-15,2025-08-18,2025-08-21,Chemistry 101,131,2025-05-09,Rebecca Stokes,david35@example.com,73
30,56,3,Karen Daniels,gabrieljohnson@example.net,,12,98,Assignment3,2025-05-10,2025-08-03,2025-07-31,2025-08-06,2025-08-15,2025-08-18,2025-08-21,Chemistry 101,131,2025-05-09,Rebecca Stokes,david35@example.com,59
31,38,3,Jennifer Powell,valerie31@example.org,,12,60,Assignment3,2025-05-10,2025-08-03,2025-07-31,2025-07-29,2025-08-15,2025-08-18,2025-08-21,Chemistry 101,131,2025-05-09,Rebecca Stokes,david35@example.com,50
32,24,3,Gloria Ryan,whendrix@example.com,,12,23,Assignment3,2025-05-10,2025-08-03,2025-07-31,2025-07-31,2025-08-15,2025-08-18,2025-08-21,Chemistry 101,131,2025-05-09,Rebecca Stokes,david35@example.com,49
33,55,3,Geoffrey Rogers,victoriamcdaniel@example.net,,12,182,Assignment3,2025-05-10,2025-08-03,2025-07-31,2025-08-06,2025-08-15,2025-08-18,2025-08-21,Chemistry 101,131,2025-05-09,Rebecca Stokes,david35@example.com,83
34,105,3,Amanda Castillo,carrilloamanda@example.org,,12,125,Assignment3,2025-05-10,2025-08-03,2025-07-31,2025-08-05,2025-08-15,2025-08-18,2025-08-21,Chemistry 101,131,2025-05-09,Rebecca Stokes,david35@example.com,56
35,36,3,Brett Nixon,alexandra68@example.com,,12,38,Assignment3,2025-05-10,2025-08-03,2025-07-31,2025-08-07,2025-08-15,2025-08-18,2025-08-21,Chemistry 101,131,2025-05-09,Rebecca Stokes,david35@example.com,33
36,66,3,Jennifer Valdez,hserrano@example.com,,12,73,Assignment3,2025-05-10,2025-08-03,2025-07-31,2025-08-08,2025-08-15,2025-08-18,2025-08-21,Chemistry 101,131,2025-05-09,Rebecca Stokes,david35@example.com,20
37,9,4,Laura Whitehead,pamelaaguirre@example.org,,10,51,Assignment4,2025-05-06,2025-07-30,2025-07-27,2025-07-30,2025-08-11,2025-08-17,2025-08-21,Advanced Philosophy,128,2025-05-08,Stacey Gill,nwarner@example.org,47
38,118,4,Matthew Smith,lisa05@example.com,,10,138,Assignment4,2025-05-06,2025-07-30,2025-07-27,2025-07-26,2025-08-11,2025-08-17,2025-08-21,Advanced Philosophy,128,2025-05-08,Stacey Gill,nwarner@example.org,60
39,120,4,Laura Lee,kennedyaustin@example.org,,10,102,Assignment4,2025-05-06,2025-07-30,2025-07-27,2025-08-03,2025-08-11,2025-08-17,2025-08-21,Advanced Philosophy,128,2025-05-08,Stacey Gill,nwarner@example.org,24
40,53,4,Andrew Stout,wwall@example.org,,10,115,Assignment4,2025-05-06,2025-07-30,2025-07-27,2025-07-26,2025-08-11,2025-08-17,2025-08-21,Advanced Philosophy,128,2025-05-08,Stacey Gill,nwarner@example.org,40
41,88,4,Antonio Mccullough,brady59@example.com,,10,161,Assignment4,2025-05-06,2025-07-30,2025-07-27,2025-07-29,2025-08-11,2025-08-17,2025-08-21,Advanced Philosophy,128,2025-05-08,Stacey Gill,nwarner@example.org,44
42,31,4,Kimberly Singleton,fsanchez@example.org,,10,178,Assignment4,2025-05-06,2025-07-30,2025-07-27,2025-07-24,2025-08-11,2025-08-17,2025-08-21,Advanced Philosophy,128,2025-05-08,Stacey Gill,nwarner@example.org,49
43,80,4,Michael Hays,kenneth81@example.org,,10,86,Assignment4,2025-05-06,2025-07-30,2025-07-27,2025-08-03,2025-08-11,2025-08-17,2025-08-21,Advanced Philosophy,128,2025-05-08,Stacey Gill,nwarner@example.org,43
44,68,4,Dana Ewing,jacobharris@example.net,,10,3,Assignment4,2025-05-06,2025-07-30,2025-07-27,2025-07-31,2025-08-11,2025-08-17,2025-08-21,Advanced Philosophy,128,2025-05-08,Stacey Gill,nwarner@example.org,67
45,22,4,Joshua Hicks,lynchmark@example.net,,10,80,Assignment4,2025-05-06,2025-07-30,2025-07-27,2025-07-24,2025-08-11,2025-08-17,2025-08-21,Advanced Philosophy,128,2025-05-08,Stacey Gill,nwarner@example.org,43
46,17,4,Thomas Ramirez,michael27@example.org,,10,193,Assignment4,2025-05-06,2025-07-30,2025-07-27,2025-08-03,2025-08-11,2025-08-17,2025-08-21,Advanced Philosophy,128,2025-05-08,Stacey Gill,nwarner@example.org,61
47,65,4,Ricky Smith,osbornashley@example.com,,10,62,Assignment4,2025-05-06,2025-07-30,2025-07-27,2025-08-01,2025-08-11,2025-08-17,2025-08-21,Advanced Philosophy,128,2025-05-08,Stacey Gill,nwarner@example.org,43
48,84,4,Martin Nichols,wmartin@example.com,,10,210,Assignment4,2025-05-06,2025-07-30,2025-07-27,2025-07-30,2025-08-11,2025-08-17,2025-08-21,Advanced Philosophy,128,2025-05-08,Stacey Gill,nwarner@example.org,63
49,21,4,Joshua Smith,gknight@example.net,,10,91,Assignment4,2025-05-06,2025-07-30,2025-07-27,2025-08-02,2025-08-11,2025-08-17,2025-08-21,Advanced Philosophy,128,2025-05-08,Stacey Gill,nwarner@example.org,60
50,94,4,Deborah Odonnell,normapineda@example.org,,10,219,Assignment4,2025-05-06,2025-07-30,2025-07-27,2025-07-26,2025-08-11,2025-08-17,2025-08-21,Advanced Philosophy,128,2025-05-08,Stacey Gill,nwarner@example.org,95
51,36,4,Brett Nixon,alexandra68@example.com,,10,40,Assignment4,2025-05-06,2025-07-30,2025-07-27,2025-08-04,2025-08-11,2025-08-17,2025-08-21,Advanced Philosophy,128,2025-05-08,Stacey Gill,nwarner@example.org,57
52,66,5,Jennifer Valdez,hserrano@example.com,,6,74,Assignment5,2025-05-09,2025-08-08,2025-08-05,2025-08-01,2025-08-24,2025-08-22,2025-08-25,Foundations of Chemistry,126,2025-05-09,Nicholas Joyce,acevedoconnie@example.org,96
53,117,5,James Turner MD,carolyn06@example.com,,6,29,Assignment5,2025-05-09,2025-08-08,2025-08-05,2025-08-01,2025-08-24,2025-08-22,2025-08-25,Foundations of Chemistry,126,2025-05-09,Nicholas Joyce,acevedoconnie@example.org,56
54,114,5,Dennis Richards,christopherwhite@example.org,,6,54,Assignment5,2025-05-09,2025-08-08,2025-08-05,2025-08-06,2025-08-24,2025-08-22,2025-08-25,Foundations of Chemistry,126,2025-05-09,Nicholas Joyce,acevedoconnie@example.org,86
55,118,5,Matthew Smith,lisa05@example.com,,6,137,Assignment5,2025-05-09,2025-08-08,2025-08-05,2025-08-06,2025-08-24,2025-08-22,2025-08-25,Foundations of Chemistry,126,2025-05-09,Nicholas Joyce,acevedoconnie@example.org,47
56,82,5,Natalie Henderson,fharris@example.net,,6,187,Assignment5,2025-05-09,2025-08-08,2025-08-05,2025-08-04,2025-08-24,2025-08-22,2025-08-25,Foundations of Chemistry,126,2025-05-09,Nicholas Joyce,acevedoconnie@example.org,57
57,23,5,Lisa Lopez,shannonhoward@example.org,,6,34,Assignment5,2025-05-09,2025-08-08,2025-08-05,2025-08-03,2025-08-24,2025-08-22,2025-08-25,Foundations of Chemistry,126,2025-05-09,Nicholas Joyce,acevedoconnie@example.org,60
58,92,5,Jake Fisher,kbarker@example.org,,6,57,Assignment5,2025-05-09,2025-08-08,2025-08-05,2025-08-01,2025-08-24,2025-08-22,2025-08-25,Foundations of Chemistry,126,2025-05-09,Nicholas Joyce,acevedoconnie@example.org,42
59,72,5,Ashley Collins,gregory56@example.com,,6,224,Assignment5,2025-05-09,2025-08-08,2025-08-05,2025-08-01,2025-08-24,2025-08-22,2025-08-25,Foundations of Chemistry,126,2025-05-09,Nicholas Joyce,acevedoconnie@example.org,75
60,97,5,Kayla Jones,mikemclean@example.net,,6,129,Assignment5,2025-05-09,2025-08-08,2025-08-05,2025-08-02,2025-08-24,2025-08-22,2025-08-25,Foundations of Chemistry,126,2025-05-09,Nicholas Joyce,acevedoconnie@example.org,76
61,6,6,Linda Morris,ythompson@example.org,,3,184,Assignment6,2025-05-10,2025-07-26,2025-07-23,2025-07-29,2025-08-09,2025-08-10,2025-08-13,Art 201,121,2025-05-01,Amber Moses,gherrera@example.net,79
62,14,6,Derek Jones,richardpatterson@example.net,,3,112,Assignment6,2025-05-10,2025-07-26,2025-07-23,2025-07-21,2025-08-09,2025-08-10,2025-08-13,Art 201,121,2025-05-01,Amber Moses,gherrera@example.net,78
63,109,6,Megan Berry,berryronald@example.org,,3,28,Assignment6,2025-05-10,2025-07-26,2025-07-23,2025-07-28,2025-08-09,2025-08-10,2025-08-13,Art 201,121,2025-05-01,Amber Moses,gherrera@example.net,73
64,96,6,Dr. Shawn Benson,evangarrison@example.com,,3,110,Assignment6,2025-05-10,2025-07-26,2025-07-23,2025-07-22,2025-08-09,2025-08-10,2025-08-13,Art 201,121,2025-05-01,Amber Moses,gherrera@example.net,74
65,66,6,Jennifer Valdez,hserrano@example.com,,3,72,Assignment6,2025-05-10,2025-07-26,2025-07-23,2025-08-01,2025-08-09,2025-08-10,2025-08-13,Art 201,121,2025-05-01,Amber Moses,gherrera@example.net,0
66,15,6,Jasmine Campbell,chambersdonna@example.net,,3,78,Assignment6,2025-05-10,2025-07-26,2025-07-23,2025-07-26,2025-08-09,2025-08-10,2025-08-13,Art 201,121,2025-05-01,Amber Moses,gherrera@example.net,43
67,89,6,Kelly Le,samuel93@example.net,,3,117,Assignment6,2025-05-10,2025-07-26,2025-07-23,2025-07-27,2025-08-09,2025-08-10,2025-08-13,Art 201,121,2025-05-01,Amber Moses,gherrera@example.net,92
68,31,6,Kimberly Singleton,fsanchez@example.org,,3,179,Assignment6,2025-05-10,2025-07-26,2025-07-23,2025-07-31,2025-08-09,2025-08-10,2025-08-13,Art 201,121,2025-05-01,Amber Moses,gherrera@example.net,30
69,13,6,James Porter,suzanne52@example.com,,3,200,Assignment6,2025-05-10,2025-07-26,2025-07-23,2025-07-31,2025-08-09,2025-08-10,2025-08-13,Art 201,121,2025-05-01,Amber Moses,gherrera@example.net,43
70,80,6,Michael Hays,kenneth81@example.org,,3,85,Assignment6,2025-05-10,2025-07-26,2025-07-23,2025-07-20,2025-08-09,2025-08-10,2025-08-13,Art 201,121,2025-05-01,Amber Moses,gherrera@example.net,79
71,41,6,Tina Miller,kfreeman@example.org,,3,172,Assignment6,2025-05-10,2025-07-26,2025-07-23,2025-07-20,2025-08-09,2025-08-10,2025-08-13,Art 201,121,2025-05-01,Amber Moses,gherrera@example.net,97
72,107,6,Mia Boyd,peterwilliams@example.net,,3,93,Assignment6,2025-05-10,2025-07-26,2025-07-23,2025-07-23,2025-08-09,2025-08-10,2025-08-13,Art 201,121,2025-05-01,Amber Moses,gherrera@example.net,97
73,26,6,Anthony Smith,david54@example.org,,3,83,Assignment6,2025-05-10,2025-07-26,2025-07-23,2025-07-23,2025-08-09,2025-08-10,2025-08-13,Art 201,121,2025-05-01,Amber Moses,gherrera@example.net,89
74,25,6,Dustin Lopez,michaelbradshaw@example.org,,3,135,Assignment6,2025-05-10,2025-07-26,2025-07-23,2025-07-20,2025-08-09,2025-08-10,2025-08-13,Art 201,121,2025-05-01,Amber Moses,gherrera@example.net,68
75,99,6,Tracy Kramer,ddavis@example.com,,3,144,Assignment6,2025-05-10,2025-07-26,2025-07-23,2025-07-27,2025-08-09,2025-08-10,2025-08-13,Art 201,121,2025-05-01,Amber Moses,gherrera@example.net,74
76,98,6,Joshua Nguyen,lopezdawn@example.org,,3,15,Assignment6,2025-05-10,2025-07-26,2025-07-23,2025-07-20,2025-08-09,2025-08-10,2025-08-13,Art 201,121,2025-05-01,Amber Moses,gherrera@example.net,94
77,59,6,Amy Ortiz,ggilbert@example.net,,3,146,Assignment6,2025-05-10,2025-07-26,2025-07-23,2025-07-30,2025-08-09,2025-08-10,2025-08-13,Art 201,121,2025-05-01,Amber Moses,gherrera@example.net,71
78,24,6,Gloria Ryan,whendrix@example.com,,3,24,Assignment6,2025-05-10,2025-07-26,2025-07-23,2025-08-01,2025-08-09,2025-08-10,2025-08-13,Art 201,121,2025-05-01,Amber Moses,gherrera@example.net,0
79,67,6,Donna Pittman,freemandustin@example.net,,3,21,Assignment6,2025-05-10,2025-07-26,2025-07-23,2025-07-19,2025-08-09,2025-08-10,2025-08-13,Art 201,121,2025-05-01,Amber Moses,gherrera@example.net,92
80,37,6,Paul Jones,bryanhardin@example.org,,3,65,Assignment6,2025-05-10,2025-07-26,2025-07-23,2025-07-27,2025-08-09,2025-08-10,2025-08-13,Art 201,121,2025-05-01,Amber Moses,gherrera@example.net,81
81,30,6,Parker Wiley,daniellegutierrez@example.org,,3,228,Assignment6,2025-05-10,2025-07-26,2025-07-23,2025-08-01,2025-08-09,2025-08-10,2025-08-13,Art 201,121,2025-05-01,Amber Moses,gherrera@example.net,0
82,99,7,Tracy Kramer,ddavis@example.com,,3,144,Assignment7,2025-05-10,2025-07-24,2025-07-21,2025-07-22,2025-08-06,2025-08-08,2025-08-13,Art 201,121,2025-05-01,Amber Moses,gherrera@example.net,84
83,26,7,Anthony Smith,david54@example.org,,3,83,Assignment7,2025-05-10,2025-07-24,2025-07-21,2025-07-17,2025-08-06,2025-08-08,2025-08-13,Art 201,121,2025-05-01,Amber Moses,gherrera@example.net,78
84,30,7,Parker Wiley,daniellegutierrez@example.org,,3,228,Assignment7,2025-05-10,2025-07-24,2025-07-21,2025-07-26,2025-08-06,2025-08-08,2025-08-13,Art 201,121,2025-05-01,Amber Moses,gherrera@example.net,62
85,14,7,Derek Jones,richardpatterson@example.net,,3,112,Assignment7,2025-05-10,2025-07-24,2025-07-21,2025-07-17,2025-08-06,2025-08-08,2025-08-13,Art 201,121,2025-05-01,Amber Moses,gherrera@example.net,74
86,107,7,Mia Boyd,peterwilliams@example.net,,3,93,Assignment7,2025-05-10,2025-07-24,2025-07-21,2025-07-25,2025-08-06,2025-08-08,2025-08-13,Art 201,121,2025-05-01,Amber Moses,gherrera@example.net,79
87,89,7,Kelly Le,samuel93@example.net,,3,117,Assignment7,2025-05-10,2025-07-24,2025-07-21,2025-07-28,2025-08-06,2025-08-08,2025-08-13,Art 201,121,2025-05-01,Amber Moses,gherrera@example.net,47
88,13,7,James Porter,suzanne52@example.com,,3,200,Assignment7,2025-05-10,2025-07-24,2025-07-21,2025-07-20,2025-08-06,2025-08-08,2025-08-13,Art 201,121,2025-05-01,Amber Moses,gherrera@example.net,50
89,96,7,Dr. Shawn Benson,evangarrison@example.com,,3,110,Assignment7,2025-05-10,2025-07-24,2025-07-21,2025-07-27,2025-08-06,2025-08-08,2025-08-13,Art 201,121,2025-05-01,Amber Moses,gherrera@example.net,58
90,80,7,Michael Hays,kenneth81@example.org,,3,85,Assignment7,2025-05-10,2025-07-24,2025-07-21,2025-07-17,2025-08-06,2025-08-08,2025-08-13,Art 201,121,2025-05-01,Amber Moses,gherrera@example.net,47
91,98,7,Joshua Nguyen,lopezdawn@example.org,,3,15,Assignment7,2025-05-10,2025-07-24,2025-07-21,2025-07-26,2025-08-06,2025-08-08,2025-08-13,Art 201,121,2025-05-01,Amber Moses,gherrera@example.net,58
92,6,7,Linda Morris,ythompson@example.org,,3,184,Assignment7,2025-05-10,2025-07-24,2025-07-21,2025-07-18,2025-08-06,2025-08-08,2025-08-13,Art 201,121,2025-05-01,Amber Moses,gherrera@example.net,47
93,25,7,Dustin Lopez,michaelbradshaw@example.org,,3,135,Assignment7,2025-05-10,2025-07-24,2025-07-21,2025-07-21,2025-08-06,2025-08-08,2025-08-13,Art 201,121,2025-05-01,Amber Moses,gherrera@example.net,47
94,41,7,Tina Miller,kfreeman@example.org,,3,172,Assignment7,2025-05-10,2025-07-24,2025-07-21,2025-07-26,2025-08-06,2025-08-08,2025-08-13,Art 201,121,2025-05-01,Amber Moses,gherrera@example.net,79
95,31,7,Kimberly Singleton,fsanchez@example.org,,3,179,Assignment7,2025-05-10,2025-07-24,2025-07-21,2025-07-25,2025-08-06,2025-08-08,2025-08-13,Art 201,121,2025-05-01,Amber Moses,gherrera@example.net,95
96,15,7,Jasmine Campbell,chambersdonna@example.net,,3,78,Assignment7,2025-05-10,2025-07-24,2025-07-21,2025-07-26,2025-08-06,2025-08-08,2025-08-13,Art 201,121,2025-05-01,Amber Moses,gherrera@example.net,60
97,67,7,Donna Pittman,freemandustin@example.net,,3,21,Assignment7,2025-05-10,2025-07-24,2025-07-21,2025-07-30,2025-08-06,2025-08-08,2025-08-13,Art 201,121,2025-05-01,Amber Moses,gherrera@example.net,0
98,6,8,Linda Morris,ythompson@example.org,,3,184,Assignment8,2025-05-07,2025-07-19,2025-07-16,2025-07-14,2025-08-01,2025-08-04,2025-08-08,Art 201,121,2025-05-01,Amber Moses,gherrera@example.net,69
99,67,8,Donna Pittman,freemandustin@example.net,,3,21,Assignment8,2025-05-07,2025-07-19,2025-07-16,2025-07-15,2025-08-01,2025-08-04,2025-08-08,Art 201,121,2025-05-01,Amber Moses,gherrera@example.net,59
100,37,8,Paul Jones,bryanhardin@example.org,,3,65,Assignment8,2025-05-07,2025-07-19,2025-07-16,2025-07-13,2025-08-01,2025-08-04,2025-08-08,Art 201,121,2025-05-01,Amber Moses,gherrera@example.net,78
101,89,8,Kelly Le,samuel93@example.net,,3,117,Assignment8,2025-05-07,2025-07-19,2025-07-16,2025-07-24,2025-08-01,2025-08-04,2025-08-08,Art 201,121,2025-05-01,Amber Moses,gherrera@example.net,29
102,59,8,Amy Ortiz,ggilbert@example.net,,3,146,Assignment8,2025-05-07,2025-07-19,2025-07-16,2025-07-22,2025-08-01,2025-08-04,2025-08-08,Art 201,121,2025-05-01,Amber Moses,gherrera@example.net,54
103,24,8,Gloria Ryan,whendrix@example.com,,3,24,Assignment8,2025-05-07,2025-07-19,2025-07-16,2025-07-12,2025-08-01,2025-08-04,2025-08-08,Art 201,121,2025-05-01,Amber Moses,gherrera@example.net,89
104,107,8,Mia Boyd,peterwilliams@example.net,,3,93,Assignment8,2025-05-07,2025-07-19,2025-07-16,2025-07-24,2025-08-01,2025-08-04,2025-08-08,Art 201,121,2025-05-01,Amber Moses,gherrera@example.net,41
105,26,8,Anthony Smith,david54@example.org,,3,83,Assignment8,2025-05-07,2025-07-19,2025-07-16,2025-07-12,2025-08-01,2025-08-04,2025-08-08,Art 201,121,2025-05-01,Amber Moses,gherrera@example.net,43
106,15,8,Jasmine Campbell,chambersdonna@example.net,,3,78,Assignment8,2025-05-07,2025-07-19,2025-07-16,2025-07-16,2025-08-01,2025-08-04,2025-08-08,Art 201,121,2025-05-01,Amber Moses,gherrera@example.net,78
107,30,8,Parker Wiley,daniellegutierrez@example.org,,3,228,Assignment8,2025-05-07,2025-07-19,2025-07-16,2025-07-21,2025-08-01,2025-08-04,2025-08-08,Art 201,121,2025-05-01,Amber Moses,gherrera@example.net,54
108,109,8,Megan Berry,berryronald@example.org,,3,28,Assignment8,2025-05-07,2025-07-19,2025-07-16,2025-07-22,2025-08-01,2025-08-04,2025-08-08,Art 201,121,2025-05-01,Amber Moses,gherrera@example.net,76
109,80,8,Michael Hays,kenneth81@example.org,,3,85,Assignment8,2025-05-07,2025-07-19,2025-07-16,2025-07-24,2025-08-01,2025-08-04,2025-08-08,Art 201,121,2025-05-01,Amber Moses,gherrera@example.net,38
110,66,8,Jennifer Valdez,hserrano@example.com,,3,72,Assignment8,2025-05-07,2025-07-19,2025-07-16,2025-07-14,2025-08-01,2025-08-04,2025-08-08,Art 201,121,2025-05-01,Amber Moses,gherrera@example.net,44
111,41,8,Tina Miller,kfreeman@example.org,,3,172,Assignment8,2025-05-07,2025-07-19,2025-07-16,2025-07-21,2025-08-01,2025-08-04,2025-08-08,Art 201,121,2025-05-01,Amber Moses,gherrera@example.net,30
112,13,8,James Porter,suzanne52@example.com,,3,200,Assignment8,2025-05-07,2025-07-19,2025-07-16,2025-07-24,2025-08-01,2025-08-04,2025-08-08,Art 201,121,2025-05-01,Amber Moses,gherrera@example.net,71
113,30,9,Parker Wiley,daniellegutierrez@example.org,,15,226,Assignment9,2025-05-07,2025-07-30,2025-07-27,2025-07-27,2025-08-14,2025-08-14,2025-08-18,Chemistry 301,127,2025-05-04,Bobby Clark,leetonya@example.org,87
114,16,9,Jason Roberson,carolynsloan@example.org,,15,4,Assignment9,2025-05-07,2025-07-30,2025-07-27,2025-07-24,2025-08-14,2025-08-14,2025-08-18,Chemistry 301,127,2025-05-04,Bobby Clark,leetonya@example.org,52
115,26,9,Anthony Smith,david54@example.org,,15,82,Assignment9,2025-05-07,2025-07-30,2025-07-27,2025-07-31,2025-08-14,2025-08-14,2025-08-18,Chemistry 301,127,2025-05-04,Bobby Clark,leetonya@example.org,64
116,34,9,David Newman,qreyes@example.org,,15,45,Assignment9,2025-05-07,2025-07-30,2025-07-27,2025-07-25,2025-08-14,2025-08-14,2025-08-18,Chemistry 301,127,2025-05-04,Bobby Clark,leetonya@example.org,89
117,105,9,Amanda Castillo,carrilloamanda@example.org,,15,126,Assignment9,2025-05-07,2025-07-30,2025-07-27,2025-07-28,2025-08-14,2025-08-14,2025-08-18,Chemistry 301,127,2025-05-04,Bobby Clark,leetonya@example.org,41
118,76,9,Monica Sutton,teresa41@example.org,,15,52,Assignment9,2025-05-07,2025-07-30,2025-07-27,2025-07-26,2025-08-14,2025-08-14,2025-08-18,Chemistry 301,127,2025-05-04,Bobby Clark,leetonya@example.org,82
119,70,9,Kayla Smith,olivia35@example.net,,15,114,Assignment9,2025-05-07,2025-07-30,2025-07-27,2025-07-31,2025-08-14,2025-08-14,2025-08-18,Chemistry 301,127,2025-05-04,Bobby Clark,leetonya@example.org,64
120,7,9,Scott Warren,jenniferdunn@example.org,,15,26,Assignment9,2025-05-07,2025-07-30,2025-07-27,2025-08-03,2025-08-14,2025-08-14,2025-08-18,Chemistry 301,127,2025-05-04,Bobby Clark,leetonya@example.org,38
121,79,9,Mr. Jason King Jr.,maryduarte@example.net,,15,156,Assignment9,2025-05-07,2025-07-30,2025-07-27,2025-08-05,2025-08-14,2025-08-14,2025-08-18,Chemistry 301,127,2025-05-04,Bobby Clark,leetonya@example.org,0
122,29,9,Marissa Parks,bishopcaitlin@example.com,,15,212,Assignment9,2025-05-07,2025-07-30,2025-07-27,2025-08-04,2025-08-14,2025-08-14,2025-08-18,Chemistry 301,127,2025-05-04,Bobby Clark,leetonya@example.org,25
123,63,9,Timothy Crosby,pachecodennis@example.net,,15,87,Assignment9,2025-05-07,2025-07-30,2025-07-27,2025-08-03,2025-08-14,2025-08-14,2025-08-18,Chemistry 301,127,2025-05-04,Bobby Clark,leetonya@example.org,38
124,113,10,Larry Wilson,rmartin@example.org,,4,75,Assignment10,2025-05-06,2025-08-03,2025-07-31,2025-08-08,2025-08-20,2025-08-18,2025-08-20,Foundations of Biology,132,2025-05-08,Kyle Francis,mgreer@example.net,26
125,100,10,Timothy Buchanan,andreagonzalez@example.org,,4,66,Assignment10,2025-05-06,2025-08-03,2025-07-31,2025-07-27,2025-08-20,2025-08-18,2025-08-20,Foundations of Biology,132,2025-05-08,Kyle Francis,mgreer@example.net,52
126,53,10,Andrew Stout,wwall@example.org,,4,116,Assignment10,2025-05-06,2025-08-03,2025-07-31,2025-08-02,2025-08-20,2025-08-18,2025-08-20,Foundations of Biology,132,2025-05-08,Kyle Francis,mgreer@example.net,91
127,111,10,Amber Williams,brendan56@example.com,,4,206,Assignment10,2025-05-06,2025-08-03,2025-07-31,2025-07-30,2025-08-20,2025-08-18,2025-08-20,Foundations of Biology,132,2025-05-08,Kyle Francis,mgreer@example.net,78
128,54,10,Sarah Carpenter,stacywilliams@example.com,,4,2,Assignment10,2025-05-06,2025-08-03,2025-07-31,2025-08-06,2025-08-20,2025-08-18,2025-08-20,Foundations of Biology,132,2025-05-08,Kyle Francis,mgreer@example.net,49
129,11,10,Tina Berger,marcusgrant@example.net,,4,94,Assignment10,2025-05-06,2025-08-03,2025-07-31,2025-07-28,2025-08-20,2025-08-18,2025-08-20,Foundations of Biology,132,2025-05-08,Kyle Francis,mgreer@example.net,68
130,3,10,Chris Johnson,dgomez@example.org,,4,190,Assignment10,2025-05-06,2025-08-03,2025-07-31,2025-08-06,2025-08-20,2025-08-18,2025-08-20,Foundations of Biology,132,2025-05-08,Kyle Francis,mgreer@example.net,28
131,103,10,Maria Mejia,mpennington@example.net,,4,18,Assignment10,2025-05-06,2025-08-03,2025-07-31,2025-08-04,2025-08-20,2025-08-18,2025-08-20,Foundations of Biology,132,2025-05-08,Kyle Francis,mgreer@example.net,40
132,36,11,Brett Nixon,alexandra68@example.com,,10,40,Assignment11,2025-05-07,2025-07-28,2025-07-25,2025-08-02,2025-08-14,2025-08-14,2025-08-18,Advanced Philosophy,128,2025-05-08,Stacey Gill,nwarner@example.org,24
133,68,11,Dana Ewing,jacobharris@example.net,,10,3,Assignment11,2025-05-07,2025-07-28,2025-07-25,2025-07-28,2025-08-14,2025-08-14,2025-08-18,Advanced Philosophy,128,2025-05-08,Stacey Gill,nwarner@example.org,51
134,120,11,Laura Lee,kennedyaustin@example.org,,10,102,Assignment11,2025-05-07,2025-07-28,2025-07-25,2025-08-02,2025-08-14,2025-08-14,2025-08-18,Advanced Philosophy,128,2025-05-08,Stacey Gill,nwarner@example.org,66
135,80,11,Michael Hays,kenneth81@example.org,,10,86,Assignment11,2025-05-07,2025-07-28,2025-07-25,2025-07-31,2025-08-14,2025-08-14,2025-08-18,Advanced Philosophy,128,2025-05-08,Stacey Gill,nwarner@example.org,65
136,118,11,Matthew Smith,lisa05@example.com,,10,138,Assignment11,2025-05-07,2025-07-28,2025-07-25,2025-07-25,2025-08-14,2025-08-14,2025-08-18,Advanced Philosophy,128,2025-05-08,Stacey Gill,nwarner@example.org,85
137,22,11,Joshua Hicks,lynchmark@example.net,,10,80,Assignment11,2025-05-07,2025-07-28,2025-07-25,2025-07-26,2025-08-14,2025-08-14,2025-08-18,Advanced Philosophy,128,2025-05-08,Stacey Gill,nwarner@example.org,45
138,31,11,Kimberly Singleton,fsanchez@example.org,,10,178,Assignment11,2025-05-07,2025-07-28,2025-07-25,2025-07-31,2025-08-14,2025-08-14,2025-08-18,Advanced Philosophy,128,2025-05-08,Stacey Gill,nwarner@example.org,36
139,21,11,Joshua Smith,gknight@example.net,,10,91,Assignment11,2025-05-07,2025-07-28,2025-07-25,2025-07-31,2025-08-14,2025-08-14,2025-08-18,Advanced Philosophy,128,2025-05-08,Stacey Gill,nwarner@example.org,67
140,17,11,Thomas Ramirez,michael27@example.org,,10,193,Assignment11,2025-05-07,2025-07-28,2025-07-25,2025-08-02,2025-08-14,2025-08-14,2025-08-18,Advanced Philosophy,128,2025-05-08,Stacey Gill,nwarner@example.org,31
141,88,11,Antonio Mccullough,brady59@example.com,,10,161,Assignment11,2025-05-07,2025-07-28,2025-07-25,2025-08-02,2025-08-14,2025-08-14,2025-08-18,Advanced Philosophy,128,2025-05-08,Stacey Gill,nwarner@example.org,75
142,15,12,Jasmine Campbell,chambersdonna@example.net,,1,77,Assignment12,2025-05-05,2025-08-05,2025-08-02,2025-08-06,2025-08-17,2025-08-22,2025-08-25,Economics 201,123,2025-05-06,Joshua Adams,timothyholden@example.com,48
143,48,12,Keith Simmons,tuckerjacqueline@example.org,,1,37,Assignment12,2025-05-05,2025-08-05,2025-08-02,2025-08-04,2025-08-17,2025-08-22,2025-08-25,Economics 201,123,2025-05-06,Joshua Adams,timothyholden@example.com,66
144,62,12,Sonya Mcgee,edwardwalter@example.org,,1,106,Assignment12,2025-05-05,2025-08-05,2025-08-02,2025-07-29,2025-08-17,2025-08-22,2025-08-25,Economics 201,123,2025-05-06,Joshua Adams,timothyholden@example.com,66
145,16,12,Jason Roberson,carolynsloan@example.org,,1,5,Assignment12,2025-05-05,2025-08-05,2025-08-02,2025-08-01,2025-08-17,2025-08-22,2025-08-25,Economics 201,123,2025-05-06,Joshua Adams,timothyholden@example.com,57
146,39,12,Jesse French,georgemichael@example.com,,1,96,Assignment12,2025-05-05,2025-08-05,2025-08-02,2025-08-09,2025-08-17,2025-08-22,2025-08-25,Economics 201,123,2025-05-06,Joshua Adams,timothyholden@example.com,35
147,64,12,Howard Knight,alexishernandez@example.net,,1,160,Assignment12,2025-05-05,2025-08-05,2025-08-02,2025-08-04,2025-08-17,2025-08-22,2025-08-25,Economics 201,123,2025-05-06,Joshua Adams,timothyholden@example.com,91
148,10,12,Shane Johnson DVM,charlestaylor@example.org,,1,127,Assignment12,2025-05-05,2025-08-05,2025-08-02,2025-08-10,2025-08-17,2025-08-22,2025-08-25,Economics 201,123,2025-05-06,Joshua Adams,timothyholden@example.com,50
149,84,12,Martin Nichols,wmartin@example.com,,1,211,Assignment12,2025-05-05,2025-08-05,2025-08-02,2025-07-30,2025-08-17,2025-08-22,2025-08-25,Economics 201,123,2025-05-06,Joshua Adams,timothyholden@example.com,56
150,105,12,Amanda Castillo,carrilloamanda@example.org,,1,124,Assignment12,2025-05-05,2025-08-05,2025-08-02,2025-08-05,2025-08-17,2025-08-22,2025-08-25,Economics 201,123,2025-05-06,Joshua Adams,timothyholden@example.com,48
151,36,12,Brett Nixon,alexandra68@example.com,,1,39,Assignment12,2025-05-05,2025-08-05,2025-08-02,2025-08-06,2025-08-17,2025-08-22,2025-08-25,Economics 201,123,2025-05-06,Joshua Adams,timothyholden@example.com,58
152,94,12,Deborah Odonnell,normapineda@example.org,,1,218,Assignment12,2025-05-05,2025-08-05,2025-08-02,2025-07-31,2025-08-17,2025-08-22,2025-08-25,Economics 201,123,2025-05-06,Joshua Adams,timothyholden@example.com,62
153,102,12,Matthew Bailey,sfuller@example.org,,1,205,Assignment12,2025-05-05,2025-08-05,2025-08-02,2025-08-05,2025-08-17,2025-08-22,2025-08-25,Economics 201,123,2025-05-06,Joshua Adams,timothyholden@example.com,90
154,81,12,Sara Chung,llogan@example.net,,1,223,Assignment12,2025-05-05,2025-08-05,2025-08-02,2025-08-08,2025-08-17,2025-08-22,2025-08-25,Economics 201,123,2025-05-06,Joshua Adams,timothyholden@example.com,25
155,120,12,Laura Lee,kennedyaustin@example.org,,1,101,Assignment12,2025-05-05,2025-08-05,2025-08-02,2025-07-30,2025-08-17,2025-08-22,2025-08-25,Economics 201,123,2025-05-06,Joshua Adams,timothyholden@example.com,89
156,37,13,Paul Jones,bryanhardin@example.org,,3,65,Assignment13,2025-05-03,2025-07-25,2025-07-22,2025-07-25,2025-08-06,2025-08-10,2025-08-13,Art 201,121,2025-05-01,Amber Moses,gherrera@example.net,92
157,31,13,Kimberly Singleton,fsanchez@example.org,,3,179,Assignment13,2025-05-03,2025-07-25,2025-07-22,2025-07-31,2025-08-06,2025-08-10,2025-08-13,Art 201,121,2025-05-01,Amber Moses,gherrera@example.net,0
158,107,13,Mia Boyd,peterwilliams@example.net,,3,93,Assignment13,2025-05-03,2025-07-25,2025-07-22,2025-07-19,2025-08-06,2025-08-10,2025-08-13,Art 201,121,2025-05-01,Amber Moses,gherrera@example.net,69
159,6,13,Linda Morris,ythompson@example.org,,3,184,Assignment13,2025-05-03,2025-07-25,2025-07-22,2025-07-28,2025-08-06,2025-08-10,2025-08-13,Art 201,121,2025-05-01,Amber Moses,gherrera@example.net,77
160,41,13,Tina Miller,kfreeman@example.org,,3,172,Assignment13,2025-05-03,2025-07-25,2025-07-22,2025-07-24,2025-08-06,2025-08-10,2025-08-13,Art 201,121,2025-05-01,Amber Moses,gherrera@example.net,61
161,89,13,Kelly Le,samuel93@example.net,,3,117,Assignment13,2025-05-03,2025-07-25,2025-07-22,2025-07-21,2025-08-06,2025-08-10,2025-08-13,Art 201,121,2025-05-01,Amber Moses,gherrera@example.net,41
162,25,13,Dustin Lopez,michaelbradshaw@example.org,,3,135,Assignment13,2025-05-03,2025-07-25,2025-07-22,2025-07-28,2025-08-06,2025-08-10,2025-08-13,Art 201,121,2025-05-01,Amber Moses,gherrera@example.net,45
163,66,13,Jennifer Valdez,hserrano@example.com,,3,72,Assignment13,2025-05-03,2025-07-25,2025-07-22,2025-07-29,2025-08-06,2025-08-10,2025-08-13,Art 201,121,2025-05-01,Amber Moses,gherrera@example.net,72
164,13,13,James Porter,suzanne52@example.com,,3,200,Assignment13,2025-05-03,2025-07-25,2025-07-22,2025-07-19,2025-08-06,2025-08-10,2025-08-13,Art 201,121,2025-05-01,Amber Moses,gherrera@example.net,82
165,30,13,Parker Wiley,daniellegutierrez@example.org,,3,228,Assignment13,2025-05-03,2025-07-25,2025-07-22,2025-07-27,2025-08-06,2025-08-10,2025-08-13,Art 201,121,2025-05-01,Amber Moses,gherrera@example.net,54
166,98,13,Joshua Nguyen,lopezdawn@example.org,,3,15,Assignment13,2025-05-03,2025-07-25,2025-07-22,2025-07-31,2025-08-06,2025-08-10,2025-08-13,Art 201,121,2025-05-01,Amber Moses,gherrera@example.net,0
167,99,13,Tracy Kramer,ddavis@example.com,,3,144,Assignment13,2025-05-03,2025-07-25,2025-07-22,2025-07-23,2025-08-06,2025-08-10,2025-08-13,Art 201,121,2025-05-01,Amber Moses,gherrera@example.net,90
168,59,13,Amy Ortiz,ggilbert@example.net,,3,146,Assignment13,2025-05-03,2025-07-25,2025-07-22,2025-07-27,2025-08-06,2025-08-10,2025-08-13,Art 201,121,2025-05-01,Amber Moses,gherrera@example.net,63
169,14,13,Derek Jones,richardpatterson@example.net,,3,112,Assignment13,2025-05-03,2025-07-25,2025-07-22,2025-07-25,2025-08-06,2025-08-10,2025-08-13,Art 201,121,2025-05-01,Amber Moses,gherrera@example.net,71
170,109,13,Megan Berry,berryronald@example.org,,3,28,Assignment13,2025-05-03,2025-07-25,2025-07-22,2025-07-18,2025-08-06,2025-08-10,2025-08-13,Art 201,121,2025-05-01,Amber Moses,gherrera@example.net,69
171,80,13,Michael Hays,kenneth81@example.org,,3,85,Assignment13,2025-05-03,2025-07-25,2025-07-22,2025-07-23,2025-08-06,2025-08-10,2025-08-13,Art 201,121,2025-05-01,Amber Moses,gherrera@example.net,59
172,96,13,Dr. Shawn Benson,evangarrison@example.com,,3,110,Assignment13,2025-05-03,2025-07-25,2025-07-22,2025-07-26,2025-08-06,2025-08-10,2025-08-13,Art 201,121,2025-05-01,Amber Moses,gherrera@example.net,65
173,15,13,Jasmine Campbell,chambersdonna@example.net,,3,78,Assignment13,2025-05-03,2025-07-25,2025-07-22,2025-07-31,2025-08-06,2025-08-10,2025-08-13,Art 201,121,2025-05-01,Amber Moses,gherrera@example.net,0
174,67,13,Donna Pittman,freemandustin@example.net,,3,21,Assignment13,2025-05-03,2025-07-25,2025-07-22,2025-07-18,2025-08-06,2025-08-10,2025-08-13,Art 201,121,2025-05-01,Amber Moses,gherrera@example.net,80
175,26,13,Anthony Smith,david54@example.org,,3,83,Assignment13,2025-05-03,2025-07-25,2025-07-22,2025-07-18,2025-08-06,2025-08-10,2025-08-13,Art 201,121,2025-05-01,Amber Moses,gherrera@example.net,43
176,55,14,Geoffrey Rogers,victoriamcdaniel@example.net,,13,181,Assignment14,2025-05-09,2025-07-31,2025-07-28,2025-08-03,2025-08-17,2025-08-14,2025-08-18,Intro to Physics,131,2025-05-01,Rebecca Stokes,david35@example.com,73
177,44,14,Brian Andrews,alexandervalentine@example.com,,13,131,Assignment14,2025-05-09,2025-07-31,2025-07-28,2025-07-29,2025-08-17,2025-08-14,2025-08-18,Intro to Physics,131,2025-05-01,Rebecca Stokes,david35@example.com,95
178,48,14,Keith Simmons,tuckerjacqueline@example.org,,13,36,Assignment14,2025-05-09,2025-07-31,2025-07-28,2025-08-06,2025-08-17,2025-08-14,2025-08-18,Intro to Physics,131,2025-05-01,Rebecca Stokes,david35@example.com,0
179,108,14,Emily Smith,nathanielblair@example.com,,13,43,Assignment14,2025-05-09,2025-07-31,2025-07-28,2025-08-02,2025-08-17,2025-08-14,2025-08-18,Intro to Physics,131,2025-05-01,Rebecca Stokes,david35@example.com,58
180,87,14,Benjamin Dennis,hernandezdavid@example.org,,13,84,Assignment14,2025-05-09,2025-07-31,2025-07-28,2025-07-29,2025-08-17,2025-08-14,2025-08-18,Intro to Physics,131,2025-05-01,Rebecca Stokes,david35@example.com,97
181,117,14,James Turner MD,carolyn06@example.com,,13,30,Assignment14,2025-05-09,2025-07-31,2025-07-28,2025-08-02,2025-08-17,2025-08-14,2025-08-18,Intro to Physics,131,2025-05-01,Rebecca Stokes,david35@example.com,63
182,52,14,Mitchell Mejia,kimberlyfoster@example.org,,13,152,Assignment14,2025-05-09,2025-07-31,2025-07-28,2025-07-27,2025-08-17,2025-08-14,2025-08-18,Intro to Physics,131,2025-05-01,Rebecca Stokes,david35@example.com,41
183,35,14,Kathy Martinez,tyler78@example.org,,13,111,Assignment14,2025-05-09,2025-07-31,2025-07-28,2025-07-25,2025-08-17,2025-08-14,2025-08-18,Intro to Physics,131,2025-05-01,Rebecca Stokes,david35@example.com,92
184,19,14,Regina Evans,robert79@example.net,,13,195,Assignment14,2025-05-09,2025-07-31,2025-07-28,2025-07-30,2025-08-17,2025-08-14,2025-08-18,Intro to Physics,131,2025-05-01,Rebecca Stokes,david35@example.com,45
185,69,14,Aaron Daniels,wardchristopher@example.org,,13,202,Assignment14,2025-05-09,2025-07-31,2025-07-28,2025-07-24,2025-08-17,2025-08-14,2025-08-18,Intro to Physics,131,2025-05-01,Rebecca Stokes,david35@example.com,75
186,41,14,Tina Miller,kfreeman@example.org,,13,173,Assignment14,2025-05-09,2025-07-31,2025-07-28,2025-08-04,2025-08-17,2025-08-14,2025-08-18,Intro to Physics,131,2025-05-01,Rebecca Stokes,david35@example.com,73
187,92,14,Jake Fisher,kbarker@example.org,,13,56,Assignment14,2025-05-09,2025-07-31,2025-07-28,2025-07-25,2025-08-17,2025-08-14,2025-08-18,Intro to Physics,131,2025-05-01,Rebecca Stokes,david35@example.com,43
188,115,14,Heather Dunn,johnsonalison@example.net,,13,105,Assignment14,2025-05-09,2025-07-31,2025-07-28,2025-07-28,2025-08-17,2025-08-14,2025-08-18,Intro to Physics,131,2025-05-01,Rebecca Stokes,david35@example.com,47
189,97,15,Kayla Jones,mikemclean@example.net,,6,129,Assignment15,2025-05-06,2025-08-08,2025-08-05,2025-08-04,2025-08-25,2025-08-24,2025-08-26,Foundations of Chemistry,126,2025-05-09,Nicholas Joyce,acevedoconnie@example.org,80
190,66,15,Jennifer Valdez,hserrano@example.com,,6,74,Assignment15,2025-05-06,2025-08-08,2025-08-05,2025-08-08,2025-08-25,2025-08-24,2025-08-26,Foundations of Chemistry,126,2025-05-09,Nicholas Joyce,acevedoconnie@example.org,55
191,23,15,Lisa Lopez,shannonhoward@example.org,,6,34,Assignment15,2025-05-06,2025-08-08,2025-08-05,2025-08-04,2025-08-25,2025-08-24,2025-08-26,Foundations of Chemistry,126,2025-05-09,Nicholas Joyce,acevedoconnie@example.org,98
192,82,15,Natalie Henderson,fharris@example.net,,6,187,Assignment15,2025-05-06,2025-08-08,2025-08-05,2025-08-05,2025-08-25,2025-08-24,2025-08-26,Foundations of Chemistry,126,2025-05-09,Nicholas Joyce,acevedoconnie@example.org,86
193,56,15,Karen Daniels,gabrieljohnson@example.net,,6,97,Assignment15,2025-05-06,2025-08-08,2025-08-05,2025-08-07,2025-08-25,2025-08-24,2025-08-26,Foundations of Chemistry,126,2025-05-09,Nicholas Joyce,acevedoconnie@example.org,56
194,71,15,Laurie Hodge,kristinbaker@example.org,,6,140,Assignment15,2025-05-06,2025-08-08,2025-08-05,2025-08-03,2025-08-25,2025-08-24,2025-08-26,Foundations of Chemistry,126,2025-05-09,Nicholas Joyce,acevedoconnie@example.org,54
195,72,15,Ashley Collins,gregory56@example.com,,6,224,Assignment15,2025-05-06,2025-08-08,2025-08-05,2025-08-11,2025-08-25,2025-08-24,2025-08-26,Foundations of Chemistry,126,2025-05-09,Nicholas Joyce,acevedoconnie@example.org,59
196,117,15,James Turner MD,carolyn06@example.com,,6,29,Assignment15,2025-05-06,2025-08-08,2025-08-05,2025-08-07,2025-08-25,2025-08-24,2025-08-26,Foundations of Chemistry,126,2025-05-09,Nicholas Joyce,acevedoconnie@example.org,56
197,114,15,Dennis Richards,christopherwhite@example.org,,6,54,Assignment15,2025-05-06,2025-08-08,2025-08-05,2025-08-05,2025-08-25,2025-08-24,2025-08-26,Foundations of Chemistry,126,2025-05-09,Nicholas Joyce,acevedoconnie@example.org,87
198,118,15,Matthew Smith,lisa05@example.com,,6,137,Assignment15,2025-05-06,2025-08-08,2025-08-05,2025-08-10,2025-08-25,2025-08-24,2025-08-26,Foundations of Chemistry,126,2025-05-09,Nicholas Joyce,acevedoconnie@example.org,84
199,92,15,Jake Fisher,kbarker@example.org,,6,57,Assignment15,2025-05-06,2025-08-08,2025-08-05,2025-08-12,2025-08-25,2025-08-24,2025-08-26,Foundations of Chemistry,126,2025-05-09,Nicholas Joyce,acevedoconnie@example.org,61
200,95,16,Jeremy Johnson,heather06@example.com,,1,220,Assignment16,2025-05-08,2025-08-04,2025-08-01,2025-08-09,2025-08-16,2025-08-23,2025-08-28,Economics 201,123,2025-05-06,Joshua Adams,timothyholden@example.com,53
201,67,16,Donna Pittman,freemandustin@example.net,,1,20,Assignment16,2025-05-08,2025-08-04,2025-08-01,2025-07-29,2025-08-16,2025-08-23,2025-08-28,Economics 201,123,2025-05-06,Joshua Adams,timothyholden@example.com,81
202,81,16,Sara Chung,llogan@example.net,,1,223,Assignment16,2025-05-08,2025-08-04,2025-08-01,2025-08-06,2025-08-16,2025-08-23,2025-08-28,Economics 201,123,2025-05-06,Joshua Adams,timothyholden@example.com,48
203,94,16,Deborah Odonnell,normapineda@example.org,,1,218,Assignment16,2025-05-08,2025-08-04,2025-08-01,2025-07-30,2025-08-16,2025-08-23,2025-08-28,Economics 201,123,2025-05-06,Joshua Adams,timothyholden@example.com,60
204,105,16,Amanda Castillo,carrilloamanda@example.org,,1,124,Assignment16,2025-05-08,2025-08-04,2025-08-01,2025-08-04,2025-08-16,2025-08-23,2025-08-28,Economics 201,123,2025-05-06,Joshua Adams,timothyholden@example.com,58
205,102,16,Matthew Bailey,sfuller@example.org,,1,205,Assignment16,2025-05-08,2025-08-04,2025-08-01,2025-08-05,2025-08-16,2025-08-23,2025-08-28,Economics 201,123,2025-05-06,Joshua Adams,timothyholden@example.com,70
206,99,16,Tracy Kramer,ddavis@example.com,,1,145,Assignment16,2025-05-08,2025-08-04,2025-08-01,2025-08-09,2025-08-16,2025-08-23,2025-08-28,Economics 201,123,2025-05-06,Joshua Adams,timothyholden@example.com,26
207,39,16,Jesse French,georgemichael@example.com,,1,96,Assignment16,2025-05-08,2025-08-04,2025-08-01,2025-07-29,2025-08-16,2025-08-23,2025-08-28,Economics 201,123,2025-05-06,Joshua Adams,timothyholden@example.com,77
208,84,16,Martin Nichols,wmartin@example.com,,1,211,Assignment16,2025-05-08,2025-08-04,2025-08-01,2025-08-09,2025-08-16,2025-08-23,2025-08-28,Economics 201,123,2025-05-06,Joshua Adams,timothyholden@example.com,33
209,10,16,Shane Johnson DVM,charlestaylor@example.org,,1,127,Assignment16,2025-05-08,2025-08-04,2025-08-01,2025-08-02,2025-08-16,2025-08-23,2025-08-28,Economics 201,123,2025-05-06,Joshua Adams,timothyholden@example.com,84
210,64,16,Howard Knight,alexishernandez@example.net,,1,160,Assignment16,2025-05-08,2025-08-04,2025-08-01,2025-08-10,2025-08-16,2025-08-23,2025-08-28,Economics 201,123,2025-05-06,Joshua Adams,timothyholden@example.com,0
211,120,16,Laura Lee,kennedyaustin@example.org,,1,101,Assignment16,2025-05-08,2025-08-04,2025-08-01,2025-07-30,2025-08-16,2025-08-23,2025-08-28,Economics 201,123,2025-05-06,Joshua Adams,timothyholden@example.com,54
212,8,16,Brian Yang,kbrown@example.com,,1,99,Assignment16,2025-05-08,2025-08-04,2025-08-01,2025-08-02,2025-08-16,2025-08-23,2025-08-28,Economics 201,123,2025-05-06,Joshua Adams,timothyholden@example.com,96
213,48,16,Keith Simmons,tuckerjacqueline@example.org,,1,37,Assignment16,2025-05-08,2025-08-04,2025-08-01,2025-08-01,2025-08-16,2025-08-23,2025-08-28,Economics 201,123,2025-05-06,Joshua Adams,timothyholden@example.com,79
214,62,16,Sonya Mcgee,edwardwalter@example.org,,1,106,Assignment16,2025-05-08,2025-08-04,2025-08-01,2025-08-10,2025-08-16,2025-08-23,2025-08-28,Economics 201,123,2025-05-06,Joshua Adams,timothyholden@example.com,0
215,15,16,Jasmine Campbell,chambersdonna@example.net,,1,77,Assignment16,2025-05-08,2025-08-04,2025-08-01,2025-08-10,2025-08-16,2025-08-23,2025-08-28,Economics 201,123,2025-05-06,Joshua Adams,timothyholden@example.com,0
216,16,16,Jason Roberson,carolynsloan@example.org,,1,5,Assignment16,2025-05-08,2025-08-04,2025-08-01,2025-07-29,2025-08-16,2025-08-23,2025-08-28,Economics 201,123,2025-05-06,Joshua Adams,timothyholden@example.com,46
217,30,16,Parker Wiley,daniellegutierrez@example.org,,1,227,Assignment16,2025-05-08,2025-08-04,2025-08-01,2025-07-28,2025-08-16,2025-08-23,2025-08-28,Economics 201,123,2025-05-06,Joshua Adams,timothyholden@example.com,41
218,114,16,Dennis Richards,christopherwhite@example.org,,1,53,Assignment16,2025-05-08,2025-08-04,2025-08-01,2025-07-28,2025-08-16,2025-08-23,2025-08-28,Economics 201,123,2025-05-06,Joshua Adams,timothyholden@example.com,95
219,43,16,Jessica Hood,dawsonkimberly@example.org,,1,197,Assignment16,2025-05-08,2025-08-04,2025-08-01,2025-07-29,2025-08-16,2025-08-23,2025-08-28,Economics 201,123,2025-05-06,Joshua Adams,timothyholden@example.com,57
220,36,16,Brett Nixon,alexandra68@example.com,,1,39,Assignment16,2025-05-08,2025-08-04,2025-08-01,2025-07-28,2025-08-16,2025-08-23,2025-08-28,Economics 201,123,2025-05-06,Joshua Adams,timothyholden@example.com,76
221,49,17,Jeffrey Figueroa,itodd@example.org,,2,141,Assignment17,2025-05-01,2025-07-25,2025-07-22,2025-07-20,2025-08-11,2025-08-13,2025-08-15,Intro to Math,132,2025-05-05,Kyle Francis,mgreer@example.net,79
222,42,17,Jessica Jennings,jenkinssandra@example.com,,2,10,Assignment17,2025-05-01,2025-07-25,2025-07-22,2025-07-26,2025-08-11,2025-08-13,2025-08-15,Intro to Math,132,2025-05-05,Kyle Francis,mgreer@example.net,60
223,6,17,Linda Morris,ythompson@example.org,,2,185,Assignment17,2025-05-01,2025-07-25,2025-07-22,2025-07-30,2025-08-11,2025-08-13,2025-08-15,Intro to Math,132,2025-05-05,Kyle Francis,mgreer@example.net,29
224,99,17,Tracy Kramer,ddavis@example.com,,2,143,Assignment17,2025-05-01,2025-07-25,2025-07-22,2025-07-23,2025-08-11,2025-08-13,2025-08-15,Intro to Math,132,2025-05-05,Kyle Francis,mgreer@example.net,67
225,40,17,Paula Mcclain,erin00@example.com,,2,217,Assignment17,2025-05-01,2025-07-25,2025-07-22,2025-07-31,2025-08-11,2025-08-13,2025-08-15,Intro to Math,132,2025-05-05,Kyle Francis,mgreer@example.net,0
226,111,17,Amber Williams,brendan56@example.com,,2,207,Assignment17,2025-05-01,2025-07-25,2025-07-22,2025-07-18,2025-08-11,2025-08-13,2025-08-15,Intro to Math,132,2025-05-05,Kyle Francis,mgreer@example.net,85
227,98,17,Joshua Nguyen,lopezdawn@example.org,,2,16,Assignment17,2025-05-01,2025-07-25,2025-07-22,2025-07-18,2025-08-11,2025-08-13,2025-08-15,Intro to Math,132,2025-05-05,Kyle Francis,mgreer@example.net,65
228,82,17,Natalie Henderson,fharris@example.net,,2,188,Assignment17,2025-05-01,2025-07-25,2025-07-22,2025-07-25,2025-08-11,2025-08-13,2025-08-15,Intro to Math,132,2025-05-05,Kyle Francis,mgreer@example.net,82
229,75,17,Deborah Vasquez,gina31@example.com,,2,70,Assignment17,2025-05-01,2025-07-25,2025-07-22,2025-07-31,2025-08-11,2025-08-13,2025-08-15,Intro to Math,132,2025-05-05,Kyle Francis,mgreer@example.net,0
230,108,18,Emily Smith,nathanielblair@example.com,,12,42,Assignment18,2025-05-10,2025-08-05,2025-08-02,2025-08-10,2025-08-19,2025-08-20,2025-08-24,Chemistry 101,131,2025-05-09,Rebecca Stokes,david35@example.com,38
231,56,18,Karen Daniels,gabrieljohnson@example.net,,12,98,Assignment18,2025-05-10,2025-08-05,2025-08-02,2025-07-30,2025-08-19,2025-08-20,2025-08-24,Chemistry 101,131,2025-05-09,Rebecca Stokes,david35@example.com,60
232,105,18,Amanda Castillo,carrilloamanda@example.org,,12,125,Assignment18,2025-05-10,2025-08-05,2025-08-02,2025-08-11,2025-08-19,2025-08-20,2025-08-24,Chemistry 101,131,2025-05-09,Rebecca Stokes,david35@example.com,0
233,83,18,Lisa Burns,lauravance@example.com,,12,167,Assignment18,2025-05-10,2025-08-05,2025-08-02,2025-08-10,2025-08-19,2025-08-20,2025-08-24,Chemistry 101,131,2025-05-09,Rebecca Stokes,david35@example.com,69
234,119,18,Julie Jackson,aimee92@example.net,,12,8,Assignment18,2025-05-10,2025-08-05,2025-08-02,2025-08-01,2025-08-19,2025-08-20,2025-08-24,Chemistry 101,131,2025-05-09,Rebecca Stokes,david35@example.com,68
235,36,18,Brett Nixon,alexandra68@example.com,,12,38,Assignment18,2025-05-10,2025-08-05,2025-08-02,2025-08-10,2025-08-19,2025-08-20,2025-08-24,Chemistry 101,131,2025-05-09,Rebecca Stokes,david35@example.com,57
236,24,18,Gloria Ryan,whendrix@example.com,,12,23,Assignment18,2025-05-10,2025-08-05,2025-08-02,2025-08-09,2025-08-19,2025-08-20,2025-08-24,Chemistry 101,131,2025-05-09,Rebecca Stokes,david35@example.com,34
237,66,18,Jennifer Valdez,hserrano@example.com,,12,73,Assignment18,2025-05-10,2025-08-05,2025-08-02,2025-08-11,2025-08-19,2025-08-20,2025-08-24,Chemistry 101,131,2025-05-09,Rebecca Stokes,david35@example.com,0
238,55,18,Geoffrey Rogers,victoriamcdaniel@example.net,,12,182,Assignment18,2025-05-10,2025-08-05,2025-08-02,2025-08-06,2025-08-19,2025-08-20,2025-08-24,Chemistry 101,131,2025-05-09,Rebecca Stokes,david35@example.com,90
239,38,18,Jennifer Powell,valerie31@example.org,,12,60,Assignment18,2025-05-10,2025-08-05,2025-08-02,2025-08-09,2025-08-19,2025-08-20,2025-08-24,Chemistry 101,131,2025-05-09,Rebecca Stokes,david35@example.com,61
240,89,18,Kelly Le,samuel93@example.net,,12,118,Assignment18,2025-05-10,2025-08-05,2025-08-02,2025-08-09,2025-08-19,2025-08-20,2025-08-24,Chemistry 101,131,2025-05-09,Rebecca Stokes,david35@example.com,79
241,7,18,Scott Warren,jenniferdunn@example.org,,12,25,Assignment18,2025-05-10,2025-08-05,2025-08-02,2025-08-08,2025-08-19,2025-08-20,2025-08-24,Chemistry 101,131,2025-05-09,Rebecca Stokes,david35@example.com,40
242,15,19,Jasmine Campbell,chambersdonna@example.net,,1,77,Assignment19,2025-05-10,2025-07-24,2025-07-21,2025-07-27,2025-08-07,2025-08-09,2025-08-11,Economics 201,123,2025-05-06,Joshua Adams,timothyholden@example.com,33
243,36,19,Brett Nixon,alexandra68@example.com,,1,39,Assignment19,2025-05-10,2025-07-24,2025-07-21,2025-07-18,2025-08-07,2025-08-09,2025-08-11,Economics 201,123,2025-05-06,Joshua Adams,timothyholden@example.com,97
244,16,19,Jason Roberson,carolynsloan@example.org,,1,5,Assignment19,2025-05-10,2025-07-24,2025-07-21,2025-07-27,2025-08-07,2025-08-09,2025-08-11,Economics 201,123,2025-05-06,Joshua Adams,timothyholden@example.com,74
245,30,19,Parker Wiley,daniellegutierrez@example.org,,1,227,Assignment19,2025-05-10,2025-07-24,2025-07-21,2025-07-17,2025-08-07,2025-08-09,2025-08-11,Economics 201,123,2025-05-06,Joshua Adams,timothyholden@example.com,66
246,84,19,Martin Nichols,wmartin@example.com,,1,211,Assignment19,2025-05-10,2025-07-24,2025-07-21,2025-07-20,2025-08-07,2025-08-09,2025-08-11,Economics 201,123,2025-05-06,Joshua Adams,timothyholden@example.com,80
247,120,19,Laura Lee,kennedyaustin@example.org,,1,101,Assignment19,2025-05-10,2025-07-24,2025-07-21,2025-07-24,2025-08-07,2025-08-09,2025-08-11,Economics 201,123,2025-05-06,Joshua Adams,timothyholden@example.com,98
248,64,19,Howard Knight,alexishernandez@example.net,,1,160,Assignment19,2025-05-10,2025-07-24,2025-07-21,2025-07-24,2025-08-07,2025-08-09,2025-08-11,Economics 201,123,2025-05-06,Joshua Adams,timothyholden@example.com,44
249,94,19,Deborah Odonnell,normapineda@example.org,,1,218,Assignment19,2025-05-10,2025-07-24,2025-07-21,2025-07-22,2025-08-07,2025-08-09,2025-08-11,Economics 201,123,2025-05-06,Joshua Adams,timothyholden@example.com,61
250,67,19,Donna Pittman,freemandustin@example.net,,1,20,Assignment19,2025-05-10,2025-07-24,2025-07-21,2025-07-25,2025-08-07,2025-08-09,2025-08-11,Economics 201,123,2025-05-06,Joshua Adams,timothyholden@example.com,53
251,10,19,Shane Johnson DVM,charlestaylor@example.org,,1,127,Assignment19,2025-05-10,2025-07-24,2025-07-21,2025-07-19,2025-08-07,2025-08-09,2025-08-11,Economics 201,123,2025-05-06,Joshua Adams,timothyholden@example.com,84
252,105,19,Amanda Castillo,carrilloamanda@example.org,,1,124,Assignment19,2025-05-10,2025-07-24,2025-07-21,2025-07-19,2025-08-07,2025-08-09,2025-08-11,Economics 201,123,2025-05-06,Joshua Adams,timothyholden@example.com,69
253,102,19,Matthew Bailey,sfuller@example.org,,1,205,Assignment19,2025-05-10,2025-07-24,2025-07-21,2025-07-20,2025-08-07,2025-08-09,2025-08-11,Economics 201,123,2025-05-06,Joshua Adams,timothyholden@example.com,87
254,62,19,Sonya Mcgee,edwardwalter@example.org,,1,106,Assignment19,2025-05-10,2025-07-24,2025-07-21,2025-07-28,2025-08-07,2025-08-09,2025-08-11,Economics 201,123,2025-05-06,Joshua Adams,timothyholden@example.com,78
255,81,19,Sara Chung,llogan@example.net,,1,223,Assignment19,2025-05-10,2025-07-24,2025-07-21,2025-07-29,2025-08-07,2025-08-09,2025-08-11,Economics 201,123,2025-05-06,Joshua Adams,timothyholden@example.com,59
256,114,19,Dennis Richards,christopherwhite@example.org,,1,53,Assignment19,2025-05-10,2025-07-24,2025-07-21,2025-07-28,2025-08-07,2025-08-09,2025-08-11,Economics 201,123,2025-05-06,Joshua Adams,timothyholden@example.com,58
257,8,19,Brian Yang,kbrown@example.com,,1,99,Assignment19,2025-05-10,2025-07-24,2025-07-21,2025-07-20,2025-08-07,2025-08-09,2025-08-11,Economics 201,123,2025-05-06,Joshua Adams,timothyholden@example.com,44
258,95,19,Jeremy Johnson,heather06@example.com,,1,220,Assignment19,2025-05-10,2025-07-24,2025-07-21,2025-07-17,2025-08-07,2025-08-09,2025-08-11,Economics 201,123,2025-05-06,Joshua Adams,timothyholden@example.com,40
259,43,19,Jessica Hood,dawsonkimberly@example.org,,1,197,Assignment19,2025-05-10,2025-07-24,2025-07-21,2025-07-29,2025-08-07,2025-08-09,2025-08-11,Economics 201,123,2025-05-06,Joshua Adams,timothyholden@example.com,36
260,99,19,Tracy Kramer,ddavis@example.com,,1,145,Assignment19,2025-05-10,2025-07-24,2025-07-21,2025-07-24,2025-08-07,2025-08-09,2025-08-11,Economics 201,123,2025-05-06,Joshua Adams,timothyholden@example.com,62
261,21,20,Joshua Smith,gknight@example.net,,10,91,Assignment20,2025-05-08,2025-08-02,2025-07-30,2025-08-01,2025-08-16,2025-08-17,2025-08-19,Advanced Philosophy,128,2025-05-08,Stacey Gill,nwarner@example.org,57
262,65,20,Ricky Smith,osbornashley@example.com,,10,62,Assignment20,2025-05-08,2025-08-02,2025-07-30,2025-08-07,2025-08-16,2025-08-17,2025-08-19,Advanced Philosophy,128,2025-05-08,Stacey Gill,nwarner@example.org,50
263,84,20,Martin Nichols,wmartin@example.com,,10,210,Assignment20,2025-05-08,2025-08-02,2025-07-30,2025-07-26,2025-08-16,2025-08-17,2025-08-19,Advanced Philosophy,128,2025-05-08,Stacey Gill,nwarner@example.org,98
264,22,20,Joshua Hicks,lynchmark@example.net,,10,80,Assignment20,2025-05-08,2025-08-02,2025-07-30,2025-07-31,2025-08-16,2025-08-17,2025-08-19,Advanced Philosophy,128,2025-05-08,Stacey Gill,nwarner@example.org,57
265,120,20,Laura Lee,kennedyaustin@example.org,,10,102,Assignment20,2025-05-08,2025-08-02,2025-07-30,2025-08-04,2025-08-16,2025-08-17,2025-08-19,Advanced Philosophy,128,2025-05-08,Stacey Gill,nwarner@example.org,54
266,94,20,Deborah Odonnell,normapineda@example.org,,10,219,Assignment20,2025-05-08,2025-08-02,2025-07-30,2025-08-04,2025-08-16,2025-08-17,2025-08-19,Advanced Philosophy,128,2025-05-08,Stacey Gill,nwarner@example.org,74
267,53,20,Andrew Stout,wwall@example.org,,10,115,Assignment20,2025-05-08,2025-08-02,2025-07-30,2025-08-05,2025-08-16,2025-08-17,2025-08-19,Advanced Philosophy,128,2025-05-08,Stacey Gill,nwarner@example.org,50
268,118,20,Matthew Smith,lisa05@example.com,,10,138,Assignment20,2025-05-08,2025-08-02,2025-07-30,2025-07-29,2025-08-16,2025-08-17,2025-08-19,Advanced Philosophy,128,2025-05-08,Stacey Gill,nwarner@example.org,93
269,36,20,Brett Nixon,alexandra68@example.com,,10,40,Assignment20,2025-05-08,2025-08-02,2025-07-30,2025-07-27,2025-08-16,2025-08-17,2025-08-19,Advanced Philosophy,128,2025-05-08,Stacey Gill,nwarner@example.org,52
270,9,20,Laura Whitehead,pamelaaguirre@example.org,,10,51,Assignment20,2025-05-08,2025-08-02,2025-07-30,2025-08-01,2025-08-16,2025-08-17,2025-08-19,Advanced Philosophy,128,2025-05-08,Stacey Gill,nwarner@example.org,57
271,88,20,Antonio Mccullough,brady59@example.com,,10,161,Assignment20,2025-05-08,2025-08-02,2025-07-30,2025-08-03,2025-08-16,2025-08-17,2025-08-19,Advanced Philosophy,128,2025-05-08,Stacey Gill,nwarner@example.org,75
272,68,20,Dana Ewing,jacobharris@example.net,,10,3,Assignment20,2025-05-08,2025-08-02,2025-07-30,2025-07-31,2025-08-16,2025-08-17,2025-08-19,Advanced Philosophy,128,2025-05-08,Stacey Gill,nwarner@example.org,57
273,17,20,Thomas Ramirez,michael27@example.org,,10,193,Assignment20,2025-05-08,2025-08-02,2025-07-30,2025-08-03,2025-08-16,2025-08-17,2025-08-19,Advanced Philosophy,128,2025-05-08,Stacey Gill,nwarner@example.org,43
274,36,21,Brett Nixon,alexandra68@example.com,,12,38,Assignment21,2025-05-03,2025-07-29,2025-07-26,2025-08-04,2025-08-10,2025-08-13,2025-08-15,Chemistry 101,131,2025-05-09,Rebecca Stokes,david35@example.com,0
275,108,21,Emily Smith,nathanielblair@example.com,,12,42,Assignment21,2025-05-03,2025-07-29,2025-07-26,2025-07-29,2025-08-10,2025-08-13,2025-08-15,Chemistry 101,131,2025-05-09,Rebecca Stokes,david35@example.com,64
276,38,21,Jennifer Powell,valerie31@example.org,,12,60,Assignment21,2025-05-03,2025-07-29,2025-07-26,2025-07-22,2025-08-10,2025-08-13,2025-08-15,Chemistry 101,131,2025-05-09,Rebecca Stokes,david35@example.com,73
277,83,21,Lisa Burns,lauravance@example.com,,12,167,Assignment21,2025-05-03,2025-07-29,2025-07-26,2025-08-03,2025-08-10,2025-08-13,2025-08-15,Chemistry 101,131,2025-05-09,Rebecca Stokes,david35@example.com,29
278,18,21,Anthony Reyes,vriley@example.net,,12,155,Assignment21,2025-05-03,2025-07-29,2025-07-26,2025-07-29,2025-08-10,2025-08-13,2025-08-15,Chemistry 101,131,2025-05-09,Rebecca Stokes,david35@example.com,90
279,56,21,Karen Daniels,gabrieljohnson@example.net,,12,98,Assignment21,2025-05-03,2025-07-29,2025-07-26,2025-08-03,2025-08-10,2025-08-13,2025-08-15,Chemistry 101,131,2025-05-09,Rebecca Stokes,david35@example.com,30
280,50,21,Gary Bruce,rebecca69@example.com,,12,174,Assignment21,2025-05-03,2025-07-29,2025-07-26,2025-07-22,2025-08-10,2025-08-13,2025-08-15,Chemistry 101,131,2025-05-09,Rebecca Stokes,david35@example.com,41
281,105,21,Amanda Castillo,carrilloamanda@example.org,,12,125,Assignment21,2025-05-03,2025-07-29,2025-07-26,2025-08-03,2025-08-10,2025-08-13,2025-08-15,Chemistry 101,131,2025-05-09,Rebecca Stokes,david35@example.com,63
282,119,21,Julie Jackson,aimee92@example.net,,12,8,Assignment21,2025-05-03,2025-07-29,2025-07-26,2025-08-03,2025-08-10,2025-08-13,2025-08-15,Chemistry 101,131,2025-05-09,Rebecca Stokes,david35@example.com,33
283,59,21,Amy Ortiz,ggilbert@example.net,,12,148,Assignment21,2025-05-03,2025-07-29,2025-07-26,2025-07-29,2025-08-10,2025-08-13,2025-08-15,Chemistry 101,131,2025-05-09,Rebecca Stokes,david35@example.com,63
284,66,21,Jennifer Valdez,hserrano@example.com,,12,73,Assignment21,2025-05-03,2025-07-29,2025-07-26,2025-08-02,2025-08-10,2025-08-13,2025-08-15,Chemistry 101,131,2025-05-09,Rebecca Stokes,david35@example.com,23
285,45,21,Matthew Harris,samantha44@example.com,,12,76,Assignment21,2025-05-03,2025-07-29,2025-07-26,2025-07-31,2025-08-10,2025-08-13,2025-08-15,Chemistry 101,131,2025-05-09,Rebecca Stokes,david35@example.com,90
286,44,21,Brian Andrews,alexandervalentine@example.com,,12,132,Assignment21,2025-05-03,2025-07-29,2025-07-26,2025-08-03,2025-08-10,2025-08-13,2025-08-15,Chemistry 101,131,2025-05-09,Rebecca Stokes,david35@example.com,59
287,55,21,Geoffrey Rogers,victoriamcdaniel@example.net,,12,182,Assignment21,2025-05-03,2025-07-29,2025-07-26,2025-07-23,2025-08-10,2025-08-13,2025-08-15,Chemistry 101,131,2025-05-09,Rebecca Stokes,david35@example.com,43
288,34,22,David Newman,qreyes@example.org,,15,45,Assignment22,2025-05-01,2025-07-20,2025-07-17,2025-07-25,2025-08-03,2025-08-07,2025-08-12,Chemistry 301,127,2025-05-04,Bobby Clark,leetonya@example.org,45
289,105,22,Amanda Castillo,carrilloamanda@example.org,,15,126,Assignment22,2025-05-01,2025-07-20,2025-07-17,2025-07-25,2025-08-03,2025-08-07,2025-08-12,Chemistry 301,127,2025-05-04,Bobby Clark,leetonya@example.org,29
290,79,22,Mr. Jason King Jr.,maryduarte@example.net,,15,156,Assignment22,2025-05-01,2025-07-20,2025-07-17,2025-07-16,2025-08-03,2025-08-07,2025-08-12,Chemistry 301,127,2025-05-04,Bobby Clark,leetonya@example.org,58
291,30,22,Parker Wiley,daniellegutierrez@example.org,,15,226,Assignment22,2025-05-01,2025-07-20,2025-07-17,2025-07-22,2025-08-03,2025-08-07,2025-08-12,Chemistry 301,127,2025-05-04,Bobby Clark,leetonya@example.org,31
292,7,22,Scott Warren,jenniferdunn@example.org,,15,26,Assignment22,2025-05-01,2025-07-20,2025-07-17,2025-07-14,2025-08-03,2025-08-07,2025-08-12,Chemistry 301,127,2025-05-04,Bobby Clark,leetonya@example.org,83
293,26,22,Anthony Smith,david54@example.org,,15,82,Assignment22,2025-05-01,2025-07-20,2025-07-17,2025-07-18,2025-08-03,2025-08-07,2025-08-12,Chemistry 301,127,2025-05-04,Bobby Clark,leetonya@example.org,40
294,63,22,Timothy Crosby,pachecodennis@example.net,,15,87,Assignment22,2025-05-01,2025-07-20,2025-07-17,2025-07-24,2025-08-03,2025-08-07,2025-08-12,Chemistry 301,127,2025-05-04,Bobby Clark,leetonya@example.org,37
295,70,22,Kayla Smith,olivia35@example.net,,15,114,Assignment22,2025-05-01,2025-07-20,2025-07-17,2025-07-19,2025-08-03,2025-08-07,2025-08-12,Chemistry 301,127,2025-05-04,Bobby Clark,leetonya@example.org,41
296,76,22,Monica Sutton,teresa41@example.org,,15,52,Assignment22,2025-05-01,2025-07-20,2025-07-17,2025-07-13,2025-08-03,2025-08-07,2025-08-12,Chemistry 301,127,2025-05-04,Bobby Clark,leetonya@example.org,69
297,21,23,Joshua Smith,gknight@example.net,,11,89,Assignment23,2025-05-03,2025-07-29,2025-07-26,2025-07-28,2025-08-15,2025-08-14,2025-08-19,Chemistry 201,126,2025-05-08,Nicholas Joyce,acevedoconnie@example.org,46
298,51,23,April Blair,timothy71@example.com,,11,166,Assignment23,2025-05-03,2025-07-29,2025-07-26,2025-07-31,2025-08-15,2025-08-14,2025-08-19,Chemistry 201,126,2025-05-08,Nicholas Joyce,acevedoconnie@example.org,46
299,43,23,Jessica Hood,dawsonkimberly@example.org,,11,198,Assignment23,2025-05-03,2025-07-29,2025-07-26,2025-07-23,2025-08-15,2025-08-14,2025-08-19,Chemistry 201,126,2025-05-08,Nicholas Joyce,acevedoconnie@example.org,82
300,25,23,Dustin Lopez,michaelbradshaw@example.org,,11,136,Assignment23,2025-05-03,2025-07-29,2025-07-26,2025-08-02,2025-08-15,2025-08-14,2025-08-19,Chemistry 201,126,2025-05-08,Nicholas Joyce,acevedoconnie@example.org,35
301,46,23,Erin Andrews DDS,vancedaniel@example.net,,11,214,Assignment23,2025-05-03,2025-07-29,2025-07-26,2025-08-04,2025-08-15,2025-08-14,2025-08-19,Chemistry 201,126,2025-05-08,Nicholas Joyce,acevedoconnie@example.org,0
302,75,23,Deborah Vasquez,gina31@example.com,,11,68,Assignment23,2025-05-03,2025-07-29,2025-07-26,2025-07-30,2025-08-15,2025-08-14,2025-08-19,Chemistry 201,126,2025-05-08,Nicholas Joyce,acevedoconnie@example.org,66
303,69,23,Aaron Daniels,wardchristopher@example.org,,11,201,Assignment23,2025-05-03,2025-07-29,2025-07-26,2025-08-03,2025-08-15,2025-08-14,2025-08-19,Chemistry 201,126,2025-05-08,Nicholas Joyce,acevedoconnie@example.org,43
304,65,23,Ricky Smith,osbornashley@example.com,,11,63,Assignment23,2025-05-03,2025-07-29,2025-07-26,2025-07-24,2025-08-15,2025-08-14,2025-08-19,Chemistry 201,126,2025-05-08,Nicholas Joyce,acevedoconnie@example.org,57
305,39,23,Jesse French,georgemichael@example.com,,11,95,Assignment23,2025-05-03,2025-07-29,2025-07-26,2025-07-26,2025-08-15,2025-08-14,2025-08-19,Chemistry 201,126,2025-05-08,Nicholas Joyce,acevedoconnie@example.org,93
306,118,24,Matthew Smith,lisa05@example.com,,10,138,Assignment24,2025-05-09,2025-08-05,2025-08-02,2025-08-01,2025-08-18,2025-08-19,2025-08-24,Advanced Philosophy,128,2025-05-08,Stacey Gill,nwarner@example.org,52
307,80,24,Michael Hays,kenneth81@example.org,,10,86,Assignment24,2025-05-09,2025-08-05,2025-08-02,2025-08-02,2025-08-18,2025-08-19,2025-08-24,Advanced Philosophy,128,2025-05-08,Stacey Gill,nwarner@example.org,81
308,84,24,Martin Nichols,wmartin@example.com,,10,210,Assignment24,2025-05-09,2025-08-05,2025-08-02,2025-08-04,2025-08-18,2025-08-19,2025-08-24,Advanced Philosophy,128,2025-05-08,Stacey Gill,nwarner@example.org,47
309,88,24,Antonio Mccullough,brady59@example.com,,10,161,Assignment24,2025-05-09,2025-08-05,2025-08-02,2025-07-29,2025-08-18,2025-08-19,2025-08-24,Advanced Philosophy,128,2025-05-08,Stacey Gill,nwarner@example.org,73
310,36,24,Brett Nixon,alexandra68@example.com,,10,40,Assignment24,2025-05-09,2025-08-05,2025-08-02,2025-08-03,2025-08-18,2025-08-19,2025-08-24,Advanced Philosophy,128,2025-05-08,Stacey Gill,nwarner@example.org,44
311,68,24,Dana Ewing,jacobharris@example.net,,10,3,Assignment24,2025-05-09,2025-08-05,2025-08-02,2025-08-07,2025-08-18,2025-08-19,2025-08-24,Advanced Philosophy,128,2025-05-08,Stacey Gill,nwarner@example.org,36
312,31,24,Kimberly Singleton,fsanchez@example.org,,10,178,Assignment24,2025-05-09,2025-08-05,2025-08-02,2025-08-05,2025-08-18,2025-08-19,2025-08-24,Advanced Philosophy,128,2025-05-08,Stacey Gill,nwarner@example.org,41
313,17,24,Thomas Ramirez,michael27@example.org,,10,193,Assignment24,2025-05-09,2025-08-05,2025-08-02,2025-08-10,2025-08-18,2025-08-19,2025-08-24,Advanced Philosophy,128,2025-05-08,Stacey Gill,nwarner@example.org,26
314,120,24,Laura Lee,kennedyaustin@example.org,,10,102,Assignment24,2025-05-09,2025-08-05,2025-08-02,2025-08-02,2025-08-18,2025-08-19,2025-08-24,Advanced Philosophy,128,2025-05-08,Stacey Gill,nwarner@example.org,48
315,22,24,Joshua Hicks,lynchmark@example.net,,10,80,Assignment24,2025-05-09,2025-08-05,2025-08-02,2025-08-02,2025-08-18,2025-08-19,2025-08-24,Advanced Philosophy,128,2025-05-08,Stacey Gill,nwarner@example.org,50
316,65,24,Ricky Smith,osbornashley@example.com,,10,62,Assignment24,2025-05-09,2025-08-05,2025-08-02,2025-08-02,2025-08-18,2025-08-19,2025-08-24,Advanced Philosophy,128,2025-05-08,Stacey Gill,nwarner@example.org,40
317,81,25,Sara Chung,llogan@example.net,,1,223,Assignment25,2025-05-08,2025-07-25,2025-07-22,2025-07-30,2025-08-11,2025-08-13,2025-08-17,Economics 201,123,2025-05-06,Joshua Adams,timothyholden@example.com,53
318,36,25,Brett Nixon,alexandra68@example.com,,1,39,Assignment25,2025-05-08,2025-07-25,2025-07-22,2025-07-25,2025-08-11,2025-08-13,2025-08-17,Economics 201,123,2025-05-06,Joshua Adams,timothyholden@example.com,44
319,95,25,Jeremy Johnson,heather06@example.com,,1,220,Assignment25,2025-05-08,2025-07-25,2025-07-22,2025-07-19,2025-08-11,2025-08-13,2025-08-17,Economics 201,123,2025-05-06,Joshua Adams,timothyholden@example.com,47
320,64,25,Howard Knight,alexishernandez@example.net,,1,160,Assignment25,2025-05-08,2025-07-25,2025-07-22,2025-07-18,2025-08-11,2025-08-13,2025-08-17,Economics 201,123,2025-05-06,Joshua Adams,timothyholden@example.com,82
321,48,25,Keith Simmons,tuckerjacqueline@example.org,,1,37,Assignment25,2025-05-08,2025-07-25,2025-07-22,2025-07-27,2025-08-11,2025-08-13,2025-08-17,Economics 201,123,2025-05-06,Joshua Adams,timothyholden@example.com,53
322,84,25,Martin Nichols,wmartin@example.com,,1,211,Assignment25,2025-05-08,2025-07-25,2025-07-22,2025-07-25,2025-08-11,2025-08-13,2025-08-17,Economics 201,123,2025-05-06,Joshua Adams,timothyholden@example.com,56
323,30,25,Parker Wiley,daniellegutierrez@example.org,,1,227,Assignment25,2025-05-08,2025-07-25,2025-07-22,2025-07-18,2025-08-11,2025-08-13,2025-08-17,Economics 201,123,2025-05-06,Joshua Adams,timothyholden@example.com,82
324,114,25,Dennis Richards,christopherwhite@example.org,,1,53,Assignment25,2025-05-08,2025-07-25,2025-07-22,2025-07-28,2025-08-11,2025-08-13,2025-08-17,Economics 201,123,2025-05-06,Joshua Adams,timothyholden@example.com,71
325,8,25,Brian Yang,kbrown@example.com,,1,99,Assignment25,2025-05-08,2025-07-25,2025-07-22,2025-07-21,2025-08-11,2025-08-13,2025-08-17,Economics 201,123,2025-05-06,Joshua Adams,timothyholden@example.com,72
326,102,25,Matthew Bailey,sfuller@example.org,,1,205,Assignment25,2025-05-08,2025-07-25,2025-07-22,2025-07-20,2025-08-11,2025-08-13,2025-08-17,Economics 201,123,2025-05-06,Joshua Adams,timothyholden@example.com,70
327,120,25,Laura Lee,kennedyaustin@example.org,,1,101,Assignment25,2025-05-08,2025-07-25,2025-07-22,2025-07-31,2025-08-11,2025-08-13,2025-08-17,Economics 201,123,2025-05-06,Joshua Adams,timothyholden@example.com,0
328,99,25,Tracy Kramer,ddavis@example.com,,1,145,Assignment25,2025-05-08,2025-07-25,2025-07-22,2025-07-22,2025-08-11,2025-08-13,2025-08-17,Economics 201,123,2025-05-06,Joshua Adams,timothyholden@example.com,53
329,16,25,Jason Roberson,carolynsloan@example.org,,1,5,Assignment25,2025-05-08,2025-07-25,2025-07-22,2025-07-27,2025-08-11,2025-08-13,2025-08-17,Economics 201,123,2025-05-06,Joshua Adams,timothyholden@example.com,48
330,43,25,Jessica Hood,dawsonkimberly@example.org,,1,197,Assignment25,2025-05-08,2025-07-25,2025-07-22,2025-07-26,2025-08-11,2025-08-13,2025-08-17,Economics 201,123,2025-05-06,Joshua Adams,timothyholden@example.com,63
331,94,25,Deborah Odonnell,normapineda@example.org,,1,218,Assignment25,2025-05-08,2025-07-25,2025-07-22,2025-07-29,2025-08-11,2025-08-13,2025-08-17,Economics 201,123,2025-05-06,Joshua Adams,timothyholden@example.com,34
332,15,25,Jasmine Campbell,chambersdonna@example.net,,1,77,Assignment25,2025-05-08,2025-07-25,2025-07-22,2025-07-26,2025-08-11,2025-08-13,2025-08-17,Economics 201,123,2025-05-06,Joshua Adams,timothyholden@example.com,71
333,62,25,Sonya Mcgee,edwardwalter@example.org,,1,106,Assignment25,2025-05-08,2025-07-25,2025-07-22,2025-07-28,2025-08-11,2025-08-13,2025-08-17,Economics 201,123,2025-05-06,Joshua Adams,timothyholden@example.com,50
334,39,25,Jesse French,georgemichael@example.com,,1,96,Assignment25,2025-05-08,2025-07-25,2025-07-22,2025-07-26,2025-08-11,2025-08-13,2025-08-17,Economics 201,123,2025-05-06,Joshua Adams,timothyholden@example.com,69
335,67,25,Donna Pittman,freemandustin@example.net,,1,20,Assignment25,2025-05-08,2025-07-25,2025-07-22,2025-07-22,2025-08-11,2025-08-13,2025-08-17,Economics 201,123,2025-05-06,Joshua Adams,timothyholden@example.com,49
336,105,25,Amanda Castillo,carrilloamanda@example.org,,1,124,Assignment25,2025-05-08,2025-07-25,2025-07-22,2025-07-22,2025-08-11,2025-08-13,2025-08-17,Economics 201,123,2025-05-06,Joshua Adams,timothyholden@example.com,56
337,10,25,Shane Johnson DVM,charlestaylor@example.org,,1,127,Assignment25,2025-05-08,2025-07-25,2025-07-22,2025-07-21,2025-08-11,2025-08-13,2025-08-17,Economics 201,123,2025-05-06,Joshua Adams,timothyholden@example.com,91
338,1,26,Hannah Robles,carterzoe@example.com,,2,113,Assignment26,2025-05-04,2025-08-03,2025-07-31,2025-08-02,2025-08-19,2025-08-22,2025-08-26,Intro to Math,132,2025-05-05,Kyle Francis,mgreer@example.net,69
339,49,26,Jeffrey Figueroa,itodd@example.org,,2,141,Assignment26,2025-05-04,2025-08-03,2025-07-31,2025-08-02,2025-08-19,2025-08-22,2025-08-26,Intro to Math,132,2025-05-05,Kyle Francis,mgreer@example.net,67
340,75,26,Deborah Vasquez,gina31@example.com,,2,70,Assignment26,2025-05-04,2025-08-03,2025-07-31,2025-07-31,2025-08-19,2025-08-22,2025-08-26,Intro to Math,132,2025-05-05,Kyle Francis,mgreer@example.net,46
341,111,26,Amber Williams,brendan56@example.com,,2,207,Assignment26,2025-05-04,2025-08-03,2025-07-31,2025-08-08,2025-08-19,2025-08-22,2025-08-26,Intro to Math,132,2025-05-05,Kyle Francis,mgreer@example.net,68
342,99,26,Tracy Kramer,ddavis@example.com,,2,143,Assignment26,2025-05-04,2025-08-03,2025-07-31,2025-08-02,2025-08-19,2025-08-22,2025-08-26,Intro to Math,132,2025-05-05,Kyle Francis,mgreer@example.net,87
343,119,26,Julie Jackson,aimee92@example.net,,2,7,Assignment26,2025-05-04,2025-08-03,2025-07-31,2025-08-09,2025-08-19,2025-08-22,2025-08-26,Intro to Math,132,2025-05-05,Kyle Francis,mgreer@example.net,0
344,93,26,John Suarez,jeremy88@example.net,,2,120,Assignment26,2025-05-04,2025-08-03,2025-07-31,2025-08-02,2025-08-19,2025-08-22,2025-08-26,Intro to Math,132,2025-05-05,Kyle Francis,mgreer@example.net,91
345,98,26,Joshua Nguyen,lopezdawn@example.org,,2,16,Assignment26,2025-05-04,2025-08-03,2025-07-31,2025-07-27,2025-08-19,2025-08-22,2025-08-26,Intro to Math,132,2025-05-05,Kyle Francis,mgreer@example.net,72
346,42,26,Jessica Jennings,jenkinssandra@example.com,,2,10,Assignment26,2025-05-04,2025-08-03,2025-07-31,2025-08-09,2025-08-19,2025-08-22,2025-08-26,Intro to Math,132,2025-05-05,Kyle Francis,mgreer@example.net,0
347,6,26,Linda Morris,ythompson@example.org,,2,185,Assignment26,2025-05-04,2025-08-03,2025-07-31,2025-08-09,2025-08-19,2025-08-22,2025-08-26,Intro to Math,132,2025-05-05,Kyle Francis,mgreer@example.net,0
348,101,27,Erika Hernandez,rebecca91@example.org,,7,151,Assignment27,2025-05-10,2025-07-30,2025-07-27,2025-07-25,2025-08-12,2025-08-17,2025-08-19,Philosophy 201,121,2025-05-09,Amber Moses,gherrera@example.net,88
349,50,27,Gary Bruce,rebecca69@example.com,,7,176,Assignment27,2025-05-10,2025-07-30,2025-07-27,2025-08-01,2025-08-12,2025-08-17,2025-08-19,Philosophy 201,121,2025-05-09,Amber Moses,gherrera@example.net,66
350,2,27,Austin Garcia,whicks@example.net,,7,221,Assignment27,2025-05-10,2025-07-30,2025-07-27,2025-07-27,2025-08-12,2025-08-17,2025-08-19,Philosophy 201,121,2025-05-09,Amber Moses,gherrera@example.net,70
351,86,27,Tony Kim,valentinekristy@example.com,,7,158,Assignment27,2025-05-10,2025-07-30,2025-07-27,2025-07-29,2025-08-12,2025-08-17,2025-08-19,Philosophy 201,121,2025-05-09,Amber Moses,gherrera@example.net,78
352,120,27,Laura Lee,kennedyaustin@example.org,,7,100,Assignment27,2025-05-10,2025-07-30,2025-07-27,2025-07-26,2025-08-12,2025-08-17,2025-08-19,Philosophy 201,121,2025-05-09,Amber Moses,gherrera@example.net,64
353,69,27,Aaron Daniels,wardchristopher@example.org,,7,203,Assignment27,2025-05-10,2025-07-30,2025-07-27,2025-08-01,2025-08-12,2025-08-17,2025-08-19,Philosophy 201,121,2025-05-09,Amber Moses,gherrera@example.net,65
354,22,27,Joshua Hicks,lynchmark@example.net,,7,79,Assignment27,2025-05-10,2025-07-30,2025-07-27,2025-08-01,2025-08-12,2025-08-17,2025-08-19,Philosophy 201,121,2025-05-09,Amber Moses,gherrera@example.net,90
355,106,27,Ryan Saunders,christina68@example.net,,7,154,Assignment27,2025-05-10,2025-07-30,2025-07-27,2025-07-27,2025-08-12,2025-08-17,2025-08-19,Philosophy 201,121,2025-05-09,Amber Moses,gherrera@example.net,76
356,20,27,Melanie Romero,cherylgordon@example.net,,7,169,Assignment27,2025-05-10,2025-07-30,2025-07-27,2025-08-01,2025-08-12,2025-08-17,2025-08-19,Philosophy 201,121,2025-05-09,Amber Moses,gherrera@example.net,64
357,46,27,Erin Andrews DDS,vancedaniel@example.net,,7,215,Assignment27,2025-05-10,2025-07-30,2025-07-27,2025-07-27,2025-08-12,2025-08-17,2025-08-19,Philosophy 201,121,2025-05-09,Amber Moses,gherrera@example.net,48
358,71,27,Laurie Hodge,kristinbaker@example.org,,7,139,Assignment27,2025-05-10,2025-07-30,2025-07-27,2025-07-26,2025-08-12,2025-08-17,2025-08-19,Philosophy 201,121,2025-05-09,Amber Moses,gherrera@example.net,88
359,61,27,Christopher Owens,bartlettsandra@example.com,,7,163,Assignment27,2025-05-10,2025-07-30,2025-07-27,2025-07-25,2025-08-12,2025-08-17,2025-08-19,Philosophy 201,121,2025-05-09,Amber Moses,gherrera@example.net,45
360,54,28,Sarah Carpenter,stacywilliams@example.com,,14,1,Assignment28,2025-05-01,2025-07-31,2025-07-28,2025-07-31,2025-08-14,2025-08-18,2025-08-20,Intro to Philosophy,122,2025-05-09,Jesus Salinas,brandonkim@example.net,63
361,96,28,Dr. Shawn Benson,evangarrison@example.com,,14,109,Assignment28,2025-05-01,2025-07-31,2025-07-28,2025-07-24,2025-08-14,2025-08-18,2025-08-20,Intro to Philosophy,122,2025-05-09,Jesus Salinas,brandonkim@example.net,88
362,92,28,Jake Fisher,kbarker@example.org,,14,55,Assignment28,2025-05-01,2025-07-31,2025-07-28,2025-07-27,2025-08-14,2025-08-18,2025-08-20,Intro to Philosophy,122,2025-05-09,Jesus Salinas,brandonkim@example.net,51
363,23,28,Lisa Lopez,shannonhoward@example.org,,14,33,Assignment28,2025-05-01,2025-07-31,2025-07-28,2025-07-29,2025-08-14,2025-08-18,2025-08-20,Intro to Philosophy,122,2025-05-09,Jesus Salinas,brandonkim@example.net,64
364,115,28,Heather Dunn,johnsonalison@example.net,,14,103,Assignment28,2025-05-01,2025-07-31,2025-07-28,2025-07-25,2025-08-14,2025-08-18,2025-08-20,Intro to Philosophy,122,2025-05-09,Jesus Salinas,brandonkim@example.net,90
365,28,28,Gabriel Brandt,kellycarolyn@example.net,,14,13,Assignment28,2025-05-01,2025-07-31,2025-07-28,2025-07-27,2025-08-14,2025-08-18,2025-08-20,Intro to Philosophy,122,2025-05-09,Jesus Salinas,brandonkim@example.net,41
366,12,28,Kimberly Freeman,avilajoshua@example.net,,14,46,Assignment28,2025-05-01,2025-07-31,2025-07-28,2025-08-02,2025-08-14,2025-08-18,2025-08-20,Intro to Philosophy,122,2025-05-09,Jesus Salinas,brandonkim@example.net,66
367,25,28,Dustin Lopez,michaelbradshaw@example.org,,14,134,Assignment28,2025-05-01,2025-07-31,2025-07-28,2025-07-24,2025-08-14,2025-08-18,2025-08-20,Intro to Philosophy,122,2025-05-09,Jesus Salinas,brandonkim@example.net,89
368,32,28,Stephen Lopez,latoyasullivan@example.org,,14,133,Assignment28,2025-05-01,2025-07-31,2025-07-28,2025-08-06,2025-08-14,2025-08-18,2025-08-20,Intro to Philosophy,122,2025-05-09,Jesus Salinas,brandonkim@example.net,0
369,62,28,Sonya Mcgee,edwardwalter@example.org,,14,107,Assignment28,2025-05-01,2025-07-31,2025-07-28,2025-07-31,2025-08-14,2025-08-18,2025-08-20,Intro to Philosophy,122,2025-05-09,Jesus Salinas,brandonkim@example.net,64
370,109,28,Megan Berry,berryronald@example.org,,14,27,Assignment28,2025-05-01,2025-07-31,2025-07-28,2025-08-04,2025-08-14,2025-08-18,2025-08-20,Intro to Philosophy,122,2025-05-09,Jesus Salinas,brandonkim@example.net,61
371,50,28,Gary Bruce,rebecca69@example.com,,14,175,Assignment28,2025-05-01,2025-07-31,2025-07-28,2025-07-26,2025-08-14,2025-08-18,2025-08-20,Intro to Philosophy,122,2025-05-09,Jesus Salinas,brandonkim@example.net,60
372,38,28,Jennifer Powell,valerie31@example.org,,14,61,Assignment28,2025-05-01,2025-07-31,2025-07-28,2025-07-27,2025-08-14,2025-08-18,2025-08-20,Intro to Philosophy,122,2025-05-09,Jesus Salinas,brandonkim@example.net,88
373,110,28,Justin Gomez,masonrobert@example.org,,14,122,Assignment28,2025-05-01,2025-07-31,2025-07-28,2025-07-25,2025-08-14,2025-08-18,2025-08-20,Intro to Philosophy,122,2025-05-09,Jesus Salinas,brandonkim@example.net,89
374,20,28,Melanie Romero,cherylgordon@example.net,,14,171,Assignment28,2025-05-01,2025-07-31,2025-07-28,2025-07-24,2025-08-14,2025-08-18,2025-08-20,Intro to Philosophy,122,2025-05-09,Jesus Salinas,brandonkim@example.net,62
375,58,28,Reginald Mitchell,john68@example.com,,14,47,Assignment28,2025-05-01,2025-07-31,2025-07-28,2025-07-24,2025-08-14,2025-08-18,2025-08-20,Intro to Philosophy,122,2025-05-09,Jesus Salinas,brandonkim@example.net,83
376,99,29,Tracy Kramer,ddavis@example.com,,1,145,Assignment29,2025-05-02,2025-07-24,2025-07-21,2025-07-29,2025-08-06,2025-08-08,2025-08-12,Economics 201,123,2025-05-06,Joshua Adams,timothyholden@example.com,56
377,64,29,Howard Knight,alexishernandez@example.net,,1,160,Assignment29,2025-05-02,2025-07-24,2025-07-21,2025-07-20,2025-08-06,2025-08-08,2025-08-12,Economics 201,123,2025-05-06,Joshua Adams,timothyholden@example.com,95
378,95,29,Jeremy Johnson,heather06@example.com,,1,220,Assignment29,2025-05-02,2025-07-24,2025-07-21,2025-07-18,2025-08-06,2025-08-08,2025-08-12,Economics 201,123,2025-05-06,Joshua Adams,timothyholden@example.com,42
379,84,29,Martin Nichols,wmartin@example.com,,1,211,Assignment29,2025-05-02,2025-07-24,2025-07-21,2025-07-20,2025-08-06,2025-08-08,2025-08-12,Economics 201,123,2025-05-06,Joshua Adams,timothyholden@example.com,62
380,94,29,Deborah Odonnell,normapineda@example.org,,1,218,Assignment29,2025-05-02,2025-07-24,2025-07-21,2025-07-24,2025-08-06,2025-08-08,2025-08-12,Economics 201,123,2025-05-06,Joshua Adams,timothyholden@example.com,90
381,105,29,Amanda Castillo,carrilloamanda@example.org,,1,124,Assignment29,2025-05-02,2025-07-24,2025-07-21,2025-07-27,2025-08-06,2025-08-08,2025-08-12,Economics 201,123,2025-05-06,Joshua Adams,timothyholden@example.com,61
382,39,29,Jesse French,georgemichael@example.com,,1,96,Assignment29,2025-05-02,2025-07-24,2025-07-21,2025-07-29,2025-08-06,2025-08-08,2025-08-12,Economics 201,123,2025-05-06,Joshua Adams,timothyholden@example.com,29
383,8,29,Brian Yang,kbrown@example.com,,1,99,Assignment29,2025-05-02,2025-07-24,2025-07-21,2025-07-25,2025-08-06,2025-08-08,2025-08-12,Economics 201,123,2025-05-06,Joshua Adams,timothyholden@example.com,72
384,102,29,Matthew Bailey,sfuller@example.org,,1,205,Assignment29,2025-05-02,2025-07-24,2025-07-21,2025-07-28,2025-08-06,2025-08-08,2025-08-12,Economics 201,123,2025-05-06,Joshua Adams,timothyholden@example.com,51
385,30,29,Parker Wiley,daniellegutierrez@example.org,,1,227,Assignment29,2025-05-02,2025-07-24,2025-07-21,2025-07-29,2025-08-06,2025-08-08,2025-08-12,Economics 201,123,2025-05-06,Joshua Adams,timothyholden@example.com,40
386,16,29,Jason Roberson,carolynsloan@example.org,,1,5,Assignment29,2025-05-02,2025-07-24,2025-07-21,2025-07-22,2025-08-06,2025-08-08,2025-08-12,Economics 201,123,2025-05-06,Joshua Adams,timothyholden@example.com,95
387,114,29,Dennis Richards,christopherwhite@example.org,,1,53,Assignment29,2025-05-02,2025-07-24,2025-07-21,2025-07-22,2025-08-06,2025-08-08,2025-08-12,Economics 201,123,2025-05-06,Joshua Adams,timothyholden@example.com,90
388,62,29,Sonya Mcgee,edwardwalter@example.org,,1,106,Assignment29,2025-05-02,2025-07-24,2025-07-21,2025-07-20,2025-08-06,2025-08-08,2025-08-12,Economics 201,123,2025-05-06,Joshua Adams,timothyholden@example.com,99
389,15,29,Jasmine Campbell,chambersdonna@example.net,,1,77,Assignment29,2025-05-02,2025-07-24,2025-07-21,2025-07-28,2025-08-06,2025-08-08,2025-08-12,Economics 201,123,2025-05-06,Joshua Adams,timothyholden@example.com,77
390,120,29,Laura Lee,kennedyaustin@example.org,,1,101,Assignment29,2025-05-02,2025-07-24,2025-07-21,2025-07-30,2025-08-06,2025-08-08,2025-08-12,Economics 201,123,2025-05-06,Joshua Adams,timothyholden@example.com,0
391,81,29,Sara Chung,llogan@example.net,,1,223,Assignment29,2025-05-02,2025-07-24,2025-07-21,2025-07-30,2025-08-06,2025-08-08,2025-08-12,Economics 201,123,2025-05-06,Joshua Adams,timothyholden@example.com,0
392,43,29,Jessica Hood,dawsonkimberly@example.org,,1,197,Assignment29,2025-05-02,2025-07-24,2025-07-21,2025-07-23,2025-08-06,2025-08-08,2025-08-12,Economics 201,123,2025-05-06,Joshua Adams,timothyholden@example.com,82
393,36,29,Brett Nixon,alexandra68@example.com,,1,39,Assignment29,2025-05-02,2025-07-24,2025-07-21,2025-07-20,2025-08-06,2025-08-08,2025-08-12,Economics 201,123,2025-05-06,Joshua Adams,timothyholden@example.com,74
394,120,30,Laura Lee,kennedyaustin@example.org,,10,102,Assignment30,2025-05-04,2025-07-31,2025-07-28,2025-07-31,2025-08-13,2025-08-19,2025-08-24,Advanced Philosophy,128,2025-05-08,Stacey Gill,nwarner@example.org,70
395,84,30,Martin Nichols,wmartin@example.com,,10,210,Assignment30,2025-05-04,2025-07-31,2025-07-28,2025-08-01,2025-08-13,2025-08-19,2025-08-24,Advanced Philosophy,128,2025-05-08,Stacey Gill,nwarner@example.org,84
396,36,30,Brett Nixon,alexandra68@example.com,,10,40,Assignment30,2025-05-04,2025-07-31,2025-07-28,2025-08-06,2025-08-13,2025-08-19,2025-08-24,Advanced Philosophy,128,2025-05-08,Stacey Gill,nwarner@example.org,0
397,68,30,Dana Ewing,jacobharris@example.net,,10,3,Assignment30,2025-05-04,2025-07-31,2025-07-28,2025-07-31,2025-08-13,2025-08-19,2025-08-24,Advanced Philosophy,128,2025-05-08,Stacey Gill,nwarner@example.org,92
398,94,30,Deborah Odonnell,normapineda@example.org,,10,219,Assignment30,2025-05-04,2025-07-31,2025-07-28,2025-08-02,2025-08-13,2025-08-19,2025-08-24,Advanced Philosophy,128,2025-05-08,Stacey Gill,nwarner@example.org,41
399,118,30,Matthew Smith,lisa05@example.com,,10,138,Assignment30,2025-05-04,2025-07-31,2025-07-28,2025-07-27,2025-08-13,2025-08-19,2025-08-24,Advanced Philosophy,128,2025-05-08,Stacey Gill,nwarner@example.org,62
400,22,30,Joshua Hicks,lynchmark@example.net,,10,80,Assignment30,2025-05-04,2025-07-31,2025-07-28,2025-07-31,2025-08-13,2025-08-19,2025-08-24,Advanced Philosophy,128,2025-05-08,Stacey Gill,nwarner@example.org,54
401,9,30,Laura Whitehead,pamelaaguirre@example.org,,10,51,Assignment30,2025-05-04,2025-07-31,2025-07-28,2025-07-28,2025-08-13,2025-08-19,2025-08-24,Advanced Philosophy,128,2025-05-08,Stacey Gill,nwarner@example.org,71
402,80,30,Michael Hays,kenneth81@example.org,,10,86,Assignment30,2025-05-04,2025-07-31,2025-07-28,2025-08-02,2025-08-13,2025-08-19,2025-08-24,Advanced Philosophy,128,2025-05-08,Stacey Gill,nwarner@example.org,37
403,21,30,Joshua Smith,gknight@example.net,,10,91,Assignment30,2025-05-04,2025-07-31,2025-07-28,2025-08-01,2025-08-13,2025-08-19,2025-08-24,Advanced Philosophy,128,2025-05-08,Stacey Gill,nwarner@example.org,77