submission_id,user_id,name,email,course_id,course_name,professor_id,name_professor,email_professor,assignment_id,title,course_start_date,hand_in_date,due_date,reminder_date,feedback_date,marks_submission_date,marks_approval_date,mid_term_date,end_term_date,enrollment_id,grade,submission_date
1,59,Katherine Simmons,johnsonsean@example.com,14,Advanced History,123,Dr. Tina Lowe MD,jennifer59@example.org,1,Assignment1,2025-05-15,2025-05-18,2025-05-25,2025-05-22,2025-06-01,2025-06-02,2025-06-05,2025-06-25,2025-08-06,65,90,2025-05-18
2,34,Brian Cain,wrightthomas@example.com,14,Advanced History,123,Dr. Tina Lowe MD,jennifer59@example.org,1,Assignment1,2025-05-15,2025-05-18,2025-05-25,2025-05-22,2025-06-01,2025-06-02,2025-06-05,2025-06-25,2025-08-06,36,63,2025-05-19
3,33,Brandy Williams,iphillips@example.net,14,Advanced History,123,Dr. Tina Lowe MD,jennifer59@example.org,1,Assignment1,2025-05-15,2025-05-18,2025-05-25,2025-05-22,2025-06-01,2025-06-02,2025-06-05,2025-06-25,2025-08-06,85,48,2025-05-28
4,13,Alejandra Thomas,turnermichael@example.com,14,Advanced History,123,Dr. Tina Lowe MD,jennifer59@example.org,1,Assignment1,2025-05-15,2025-05-18,2025-05-25,2025-05-22,2025-06-01,2025-06-02,2025-06-05,2025-06-25,2025-08-06,60,85,2025-05-21
5,68,Anna Rodriguez,rebeccasmith@example.com,14,Advanced History,123,Dr. Tina Lowe MD,jennifer59@example.org,1,Assignment1,2025-05-15,2025-05-18,2025-05-25,2025-05-22,2025-06-01,2025-06-02,2025-06-05,2025-06-25,2025-08-06,17,65,2025-05-19
6,119,David Fields,michaelsmith@example.net,14,Advanced History,123,Dr. Tina Lowe MD,jennifer59@example.org,1,Assignment1,2025-05-15,2025-05-18,2025-05-25,2025-05-22,2025-06-01,2025-06-02,2025-06-05,2025-06-25,2025-08-06,135,53,2025-05-25
7,106,Lisa Estrada,mariashepherd@example.org,14,Advanced History,123,Dr. Tina Lowe MD,jennifer59@example.org,1,Assignment1,2025-05-15,2025-05-18,2025-05-25,2025-05-22,2025-06-01,2025-06-02,2025-06-05,2025-06-25,2025-08-06,46,70,2025-05-28
8,96,Jennifer Gray DDS,xwheeler@example.net,14,Advanced History,123,Dr. Tina Lowe MD,jennifer59@example.org,1,Assignment1,2025-05-15,2025-05-18,2025-05-25,2025-05-22,2025-06-01,2025-06-02,2025-06-05,2025-06-25,2025-08-06,203,84,2025-05-21
9,69,Daniel Green,jamesmedina@example.com,14,Advanced History,123,Dr. Tina Lowe MD,jennifer59@example.org,1,Assignment1,2025-05-15,2025-05-18,2025-05-25,2025-05-22,2025-06-01,2025-06-02,2025-06-05,2025-06-25,2025-08-06,58,85,2025-05-24
10,100,Daniel Torres,marcus08@example.org,14,Advanced History,123,Dr. Tina Lowe MD,jennifer59@example.org,1,Assignment1,2025-05-15,2025-05-18,2025-05-25,2025-05-22,2025-06-01,2025-06-02,2025-06-05,2025-06-25,2025-08-06,191,55,2025-05-21
11,39,Peter Acosta,victoria34@example.net,14,Advanced History,123,Dr. Tina Lowe MD,jennifer59@example.org,1,Assignment1,2025-05-15,2025-05-18,2025-05-25,2025-05-22,2025-06-01,2025-06-02,2025-06-05,2025-06-25,2025-08-06,19,47,2025-05-25
12,70,David Tanner,rgreen@example.com,14,Advanced History,123,Dr. Tina Lowe MD,jennifer59@example.org,1,Assignment1,2025-05-15,2025-05-18,2025-05-25,2025-05-22,2025-06-01,2025-06-02,2025-06-05,2025-06-25,2025-08-06,163,41,2025-05-18
13,113,Erica Soto,uanderson@example.com,14,Advanced History,123,Dr. Tina Lowe MD,jennifer59@example.org,1,Assignment1,2025-05-15,2025-05-18,2025-05-25,2025-05-22,2025-06-01,2025-06-02,2025-06-05,2025-06-25,2025-08-06,161,68,2025-05-24
14,110,Richard Robertson,mcknightedward@example.org,14,Advanced History,123,Dr. Tina Lowe MD,jennifer59@example.org,1,Assignment1,2025-05-15,2025-05-18,2025-05-25,2025-05-22,2025-06-01,2025-06-02,2025-06-05,2025-06-25,2025-08-06,21,37,2025-05-27
15,29,Joseph Evans,millerlaura@example.org,14,Advanced History,123,Dr. Tina Lowe MD,jennifer59@example.org,1,Assignment1,2025-05-15,2025-05-18,2025-05-25,2025-05-22,2025-06-01,2025-06-02,2025-06-05,2025-06-25,2025-08-06,112,76,2025-05-26
16,24,Brett Jacobson,moralesmary@example.com,14,Advanced History,123,Dr. Tina Lowe MD,jennifer59@example.org,1,Assignment1,2025-05-15,2025-05-18,2025-05-25,2025-05-22,2025-06-01,2025-06-02,2025-06-05,2025-06-25,2025-08-06,94,41,2025-05-27
17,42,Larry Mccullough,andreagarcia@example.net,14,Advanced History,123,Dr. Tina Lowe MD,jennifer59@example.org,1,Assignment1,2025-05-15,2025-05-18,2025-05-25,2025-05-22,2025-06-01,2025-06-02,2025-06-05,2025-06-25,2025-08-06,1,65,2025-05-20
18,94,Carolyn Romero,mchavez@example.com,7,Intro to History,126,Bernard Knight,christopherbarnes@example.com,2,Assignment2,2025-05-10,2025-05-16,2025-05-23,2025-05-20,2025-05-29,2025-06-04,2025-06-06,2025-06-17,2025-08-02,81,0,2025-05-29
19,66,Austin Peterson,christine66@example.net,7,Intro to History,126,Bernard Knight,christopherbarnes@example.com,2,Assignment2,2025-05-10,2025-05-16,2025-05-23,2025-05-20,2025-05-29,2025-06-04,2025-06-06,2025-06-17,2025-08-02,132,42,2025-05-26
20,2,Michael Williams,lambalexander@example.org,7,Intro to History,126,Bernard Knight,christopherbarnes@example.com,2,Assignment2,2025-05-10,2025-05-16,2025-05-23,2025-05-20,2025-05-29,2025-06-04,2025-06-06,2025-06-17,2025-08-02,189,97,2025-05-21
21,92,Dawn Watkins,mooresamantha@example.org,7,Intro to History,126,Bernard Knight,christopherbarnes@example.com,2,Assignment2,2025-05-10,2025-05-16,2025-05-23,2025-05-20,2025-05-29,2025-06-04,2025-06-06,2025-06-17,2025-08-02,138,39,2025-05-28
22,33,Brandy Williams,iphillips@example.net,7,Intro to History,126,Bernard Knight,christopherbarnes@example.com,2,Assignment2,2025-05-10,2025-05-16,2025-05-23,2025-05-20,2025-05-29,2025-06-04,2025-06-06,2025-06-17,2025-08-02,84,48,2025-05-23
23,111,Connor Martin,twarner@example.net,7,Intro to History,126,Bernard Knight,christopherbarnes@example.com,2,Assignment2,2025-05-10,2025-05-16,2025-05-23,2025-05-20,2025-05-29,2025-06-04,2025-06-06,2025-06-17,2025-08-02,29,81,2025-05-16
24,97,Stephanie Miller,daniel84@example.com,7,Intro to History,126,Bernard Knight,christopherbarnes@example.com,2,Assignment2,2025-05-10,2025-05-16,2025-05-23,2025-05-20,2025-05-29,2025-06-04,2025-06-06,2025-06-17,2025-08-02,210,30,2025-05-27
25,97,Stephanie Miller,daniel84@example.com,7,Intro to History,126,Bernard Knight,christopherbarnes@example.com,14,Assignment14,2025-05-10,2025-05-30,2025-06-07,2025-06-04,2025-06-17,2025-06-19,2025-06-23,2025-06-17,2025-08-02,210,82,2025-06-04
26,30,Darryl Fisher,bhodges@example.com,7,Intro to History,126,Bernard Knight,christopherbarnes@example.com,14,Assignment14,2025-05-10,2025-05-30,2025-06-07,2025-06-04,2025-06-17,2025-06-19,2025-06-23,2025-06-17,2025-08-02,50,0,2025-06-13
27,94,Carolyn Romero,mchavez@example.com,7,Intro to History,126,Bernard Knight,christopherbarnes@example.com,14,Assignment14,2025-05-10,2025-05-30,2025-06-07,2025-06-04,2025-06-17,2025-06-19,2025-06-23,2025-06-17,2025-08-02,81,66,2025-06-01
28,33,Brandy Williams,iphillips@example.net,7,Intro to History,126,Bernard Knight,christopherbarnes@example.com,14,Assignment14,2025-05-10,2025-05-30,2025-06-07,2025-06-04,2025-06-17,2025-06-19,2025-06-23,2025-06-17,2025-08-02,84,56,2025-06-12
29,66,Austin Peterson,christine66@example.net,7,Intro to History,126,Bernard Knight,christopherbarnes@example.com,14,Assignment14,2025-05-10,2025-05-30,2025-06-07,2025-06-04,2025-06-17,2025-06-19,2025-06-23,2025-06-17,2025-08-02,132,59,2025-06-08
30,2,Michael Williams,lambalexander@example.org,7,Intro to History,126,Bernard Knight,christopherbarnes@example.com,14,Assignment14,2025-05-10,2025-05-30,2025-06-07,2025-06-04,2025-06-17,2025-06-19,2025-06-23,2025-06-17,2025-08-02,189,0,2025-06-13
31,33,Brandy Williams,iphillips@example.net,7,Intro to History,126,Bernard Knight,christopherbarnes@example.com,24,Assignment24,2025-05-10,2025-06-14,2025-06-22,2025-06-19,2025-07-02,2025-07-02,2025-07-07,2025-06-17,2025-08-02,84,60,2025-06-25
32,2,Michael Williams,lambalexander@example.org,7,Intro to History,126,Bernard Knight,christopherbarnes@example.com,24,Assignment24,2025-05-10,2025-06-14,2025-06-22,2025-06-19,2025-07-02,2025-07-02,2025-07-07,2025-06-17,2025-08-02,189,0,2025-06-28
33,109,Abigail Smith,kthomas@example.net,7,Intro to History,126,Bernard Knight,christopherbarnes@example.com,24,Assignment24,2025-05-10,2025-06-14,2025-06-22,2025-06-19,2025-07-02,2025-07-02,2025-07-07,2025-06-17,2025-08-02,144,82,2025-06-17
34,97,Stephanie Miller,daniel84@example.com,7,Intro to History,126,Bernard Knight,christopherbarnes@example.com,24,Assignment24,2025-05-10,2025-06-14,2025-06-22,2025-06-19,2025-07-02,2025-07-02,2025-07-07,2025-06-17,2025-08-02,210,61,2025-06-18
35,66,Austin Peterson,christine66@example.net,7,Intro to History,126,Bernard Knight,christopherbarnes@example.com,24,Assignment24,2025-05-10,2025-06-14,2025-06-22,2025-06-19,2025-07-02,2025-07-02,2025-07-07,2025-06-17,2025-08-02,132,53,2025-06-24
36,94,Carolyn Romero,mchavez@example.com,7,Intro to History,126,Bernard Knight,christopherbarnes@example.com,24,Assignment24,2025-05-10,2025-06-14,2025-06-22,2025-06-19,2025-07-02,2025-07-02,2025-07-07,2025-06-17,2025-08-02,81,63,2025-06-19
37,111,Connor Martin,twarner@example.net,7,Intro to History,126,Bernard Knight,christopherbarnes@example.com,24,Assignment24,2025-05-10,2025-06-14,2025-06-22,2025-06-19,2025-07-02,2025-07-02,2025-07-07,2025-06-17,2025-08-02,29,59,2025-06-23
38,92,Dawn Watkins,mooresamantha@example.org,7,Intro to History,126,Bernard Knight,christopherbarnes@example.com,24,Assignment24,2025-05-10,2025-06-14,2025-06-22,2025-06-19,2025-07-02,2025-07-02,2025-07-07,2025-06-17,2025-08-02,138,43,2025-06-20
39,30,Darryl Fisher,bhodges@example.com,7,Intro to History,126,Bernard Knight,christopherbarnes@example.com,24,Assignment24,2025-05-10,2025-06-14,2025-06-22,2025-06-19,2025-07-02,2025-07-02,2025-07-07,2025-06-17,2025-08-02,50,0,2025-06-28
40,111,Connor Martin,twarner@example.net,7,Intro to History,126,Bernard Knight,christopherbarnes@example.com,25,Assignment25,2025-05-10,2025-06-29,2025-07-03,2025-06-30,2025-07-08,2025-07-10,2025-07-13,2025-06-17,2025-08-02,29,83,2025-06-29
41,92,Dawn Watkins,mooresamantha@example.org,7,Intro to History,126,Bernard Knight,christopherbarnes@example.com,25,Assignment25,2025-05-10,2025-06-29,2025-07-03,2025-06-30,2025-07-08,2025-07-10,2025-07-13,2025-06-17,2025-08-02,138,73,2025-06-28
42,97,Stephanie Miller,daniel84@example.com,7,Intro to History,126,Bernard Knight,christopherbarnes@example.com,25,Assignment25,2025-05-10,2025-06-29,2025-07-03,2025-06-30,2025-07-08,2025-07-10,2025-07-13,2025-06-17,2025-08-02,210,60,2025-06-27
43,109,Abigail Smith,kthomas@example.net,7,Intro to History,126,Bernard Knight,christopherbarnes@example.com,25,Assignment25,2025-05-10,2025-06-29,2025-07-03,2025-06-30,2025-07-08,2025-07-10,2025-07-13,2025-06-17,2025-08-02,144,44,2025-07-04
44,33,Brandy Williams,iphillips@example.net,7,Intro to History,126,Bernard Knight,christopherbarnes@example.com,25,Assignment25,2025-05-10,2025-06-29,2025-07-03,2025-06-30,2025-07-08,2025-07-10,2025-07-13,2025-06-17,2025-08-02,84,62,2025-07-04
45,2,Michael Williams,lambalexander@example.org,7,Intro to History,126,Bernard Knight,christopherbarnes@example.com,25,Assignment25,2025-05-10,2025-06-29,2025-07-03,2025-06-30,2025-07-08,2025-07-10,2025-07-13,2025-06-17,2025-08-02,189,89,2025-07-05
46,30,Darryl Fisher,bhodges@example.com,7,Intro to History,126,Bernard Knight,christopherbarnes@example.com,25,Assignment25,2025-05-10,2025-06-29,2025-07-03,2025-06-30,2025-07-08,2025-07-10,2025-07-13,2025-06-17,2025-08-02,50,94,2025-07-04
47,33,Brandy Williams,iphillips@example.net,1,Advanced Biology,127,Maria Brown,wolfbrenda@example.com,3,Assignment3,2025-05-16,2025-05-19,2025-05-25,2025-05-22,2025-06-01,2025-06-06,2025-06-08,2025-06-30,2025-07-30,86,78,2025-05-21
48,43,Micheal Lawrence,timothyshelton@example.org,1,Advanced Biology,127,Maria Brown,wolfbrenda@example.com,3,Assignment3,2025-05-16,2025-05-19,2025-05-25,2025-05-22,2025-06-01,2025-06-06,2025-06-08,2025-06-30,2025-07-30,109,36,2025-05-28
49,7,Matthew Lozano,nathan66@example.com,1,Advanced Biology,127,Maria Brown,wolfbrenda@example.com,3,Assignment3,2025-05-16,2025-05-19,2025-05-25,2025-05-22,2025-06-01,2025-06-06,2025-06-08,2025-06-30,2025-07-30,28,74,2025-05-23
50,62,David Howell,vpatterson@example.net,1,Advanced Biology,127,Maria Brown,wolfbrenda@example.com,3,Assignment3,2025-05-16,2025-05-19,2025-05-25,2025-05-22,2025-06-01,2025-06-06,2025-06-08,2025-06-30,2025-07-30,6,55,2025-05-26
51,29,Joseph Evans,millerlaura@example.org,1,Advanced Biology,127,Maria Brown,wolfbrenda@example.com,3,Assignment3,2025-05-16,2025-05-19,2025-05-25,2025-05-22,2025-06-01,2025-06-06,2025-06-08,2025-06-30,2025-07-30,111,36,2025-05-27
52,80,Richard Bowen,rosebilly@example.net,1,Advanced Biology,127,Maria Brown,wolfbrenda@example.com,3,Assignment3,2025-05-16,2025-05-19,2025-05-25,2025-05-22,2025-06-01,2025-06-06,2025-06-08,2025-06-30,2025-07-30,148,37,2025-05-28
53,58,Timothy Hernandez Jr.,showe@example.org,1,Advanced Biology,127,Maria Brown,wolfbrenda@example.com,3,Assignment3,2025-05-16,2025-05-19,2025-05-25,2025-05-22,2025-06-01,2025-06-06,2025-06-08,2025-06-30,2025-07-30,41,40,2025-05-27
54,116,Seth Reynolds,csantos@example.org,1,Advanced Biology,127,Maria Brown,wolfbrenda@example.com,3,Assignment3,2025-05-16,2025-05-19,2025-05-25,2025-05-22,2025-06-01,2025-06-06,2025-06-08,2025-06-30,2025-07-30,204,81,2025-05-21
55,110,Richard Robertson,mcknightedward@example.org,1,Advanced Biology,127,Maria Brown,wolfbrenda@example.com,3,Assignment3,2025-05-16,2025-05-19,2025-05-25,2025-05-22,2025-06-01,2025-06-06,2025-06-08,2025-06-30,2025-07-30,20,61,2025-05-26
56,66,Austin Peterson,christine66@example.net,1,Advanced Biology,127,Maria Brown,wolfbrenda@example.com,3,Assignment3,2025-05-16,2025-05-19,2025-05-25,2025-05-22,2025-06-01,2025-06-06,2025-06-08,2025-06-30,2025-07-30,131,52,2025-05-19
57,81,Raymond Mann,rachel28@example.com,1,Advanced Biology,127,Maria Brown,wolfbrenda@example.com,3,Assignment3,2025-05-16,2025-05-19,2025-05-25,2025-05-22,2025-06-01,2025-06-06,2025-06-08,2025-06-30,2025-07-30,53,43,2025-05-22
58,21,Kristin Wilson,jesus69@example.org,1,Advanced Biology,127,Maria Brown,wolfbrenda@example.com,3,Assignment3,2025-05-16,2025-05-19,2025-05-25,2025-05-22,2025-06-01,2025-06-06,2025-06-08,2025-06-30,2025-07-30,90,36,2025-05-30
59,57,Tyrone Perez,jaredmacias@example.net,1,Advanced Biology,127,Maria Brown,wolfbrenda@example.com,3,Assignment3,2025-05-16,2025-05-19,2025-05-25,2025-05-22,2025-06-01,2025-06-06,2025-06-08,2025-06-30,2025-07-30,38,62,2025-05-28
60,4,Denise Mack,reginafowler@example.org,1,Advanced Biology,127,Maria Brown,wolfbrenda@example.com,3,Assignment3,2025-05-16,2025-05-19,2025-05-25,2025-05-22,2025-06-01,2025-06-06,2025-06-08,2025-06-30,2025-07-30,143,95,2025-05-18
61,26,Jessica Burke,quinnmichelle@example.com,2,Economics 201,121,Elizabeth Wilcox,kristinagutierrez@example.org,4,Assignment4,2025-05-08,2025-05-14,2025-05-27,2025-05-24,2025-06-04,2025-06-08,2025-06-13,2025-06-10,2025-07-27,14,86,2025-05-25
62,1,Jesse Marshall,linda25@example.net,2,Economics 201,121,Elizabeth Wilcox,kristinagutierrez@example.org,4,Assignment4,2025-05-08,2025-05-14,2025-05-27,2025-05-24,2025-06-04,2025-06-08,2025-06-13,2025-06-10,2025-07-27,176,68,2025-05-31
63,16,Travis Ruiz,amanda97@example.com,2,Economics 201,121,Elizabeth Wilcox,kristinagutierrez@example.org,4,Assignment4,2025-05-08,2025-05-14,2025-05-27,2025-05-24,2025-06-04,2025-06-08,2025-06-13,2025-06-10,2025-07-27,171,49,2025-05-28
64,84,Laura Beck,melanierodriguez@example.com,2,Economics 201,121,Elizabeth Wilcox,kristinagutierrez@example.org,4,Assignment4,2025-05-08,2025-05-14,2025-05-27,2025-05-24,2025-06-04,2025-06-08,2025-06-13,2025-06-10,2025-07-27,98,91,2025-05-26
65,73,Andrea Lee,glennwilliams@example.org,2,Economics 201,121,Elizabeth Wilcox,kristinagutierrez@example.org,4,Assignment4,2025-05-08,2025-05-14,2025-05-27,2025-05-24,2025-06-04,2025-06-08,2025-06-13,2025-06-10,2025-07-27,78,65,2025-05-26
66,35,Suzanne Weber,lparsons@example.com,2,Economics 201,121,Elizabeth Wilcox,kristinagutierrez@example.org,4,Assignment4,2025-05-08,2025-05-14,2025-05-27,2025-05-24,2025-06-04,2025-06-08,2025-06-13,2025-06-10,2025-07-27,169,63,2025-06-01
67,19,Francis Mcknight,pcummings@example.net,2,Economics 201,121,Elizabeth Wilcox,kristinagutierrez@example.org,4,Assignment4,2025-05-08,2025-05-14,2025-05-27,2025-05-24,2025-06-04,2025-06-08,2025-06-13,2025-06-10,2025-07-27,147,69,2025-05-24
68,84,Laura Beck,melanierodriguez@example.com,2,Economics 201,121,Elizabeth Wilcox,kristinagutierrez@example.org,20,Assignment20,2025-05-08,2025-06-03,2025-06-06,2025-06-03,2025-06-15,2025-06-13,2025-06-16,2025-06-10,2025-07-27,98,56,2025-06-09
69,1,Jesse Marshall,linda25@example.net,2,Economics 201,121,Elizabeth Wilcox,kristinagutierrez@example.org,20,Assignment20,2025-05-08,2025-06-03,2025-06-06,2025-06-03,2025-06-15,2025-06-13,2025-06-16,2025-06-10,2025-07-27,176,23,2025-06-10
70,81,Raymond Mann,rachel28@example.com,2,Economics 201,121,Elizabeth Wilcox,kristinagutierrez@example.org,20,Assignment20,2025-05-08,2025-06-03,2025-06-06,2025-06-03,2025-06-15,2025-06-13,2025-06-16,2025-06-10,2025-07-27,55,57,2025-06-02
71,35,Suzanne Weber,lparsons@example.com,2,Economics 201,121,Elizabeth Wilcox,kristinagutierrez@example.org,20,Assignment20,2025-05-08,2025-06-03,2025-06-06,2025-06-03,2025-06-15,2025-06-13,2025-06-16,2025-06-10,2025-07-27,169,80,2025-06-06
72,73,Andrea Lee,glennwilliams@example.org,2,Economics 201,121,Elizabeth Wilcox,kristinagutierrez@example.org,20,Assignment20,2025-05-08,2025-06-03,2025-06-06,2025-06-03,2025-06-15,2025-06-13,2025-06-16,2025-06-10,2025-07-27,78,68,2025-06-08
73,104,Michael Crawford,qsutton@example.org,2,Economics 201,121,Elizabeth Wilcox,kristinagutierrez@example.org,20,Assignment20,2025-05-08,2025-06-03,2025-06-06,2025-06-03,2025-06-15,2025-06-13,2025-06-16,2025-06-10,2025-07-27,181,43,2025-06-10
74,16,Travis Ruiz,amanda97@example.com,2,Economics 201,121,Elizabeth Wilcox,kristinagutierrez@example.org,20,Assignment20,2025-05-08,2025-06-03,2025-06-06,2025-06-03,2025-06-15,2025-06-13,2025-06-16,2025-06-10,2025-07-27,171,92,2025-06-05
75,26,Jessica Burke,quinnmichelle@example.com,2,Economics 201,121,Elizabeth Wilcox,kristinagutierrez@example.org,22,Assignment22,2025-05-08,2025-06-13,2025-06-20,2025-06-17,2025-06-27,2025-06-28,2025-07-01,2025-06-10,2025-07-27,14,46,2025-06-20
76,73,Andrea Lee,glennwilliams@example.org,2,Economics 201,121,Elizabeth Wilcox,kristinagutierrez@example.org,22,Assignment22,2025-05-08,2025-06-13,2025-06-20,2025-06-17,2025-06-27,2025-06-28,2025-07-01,2025-06-10,2025-07-27,78,79,2025-06-19
77,84,Laura Beck,melanierodriguez@example.com,2,Economics 201,121,Elizabeth Wilcox,kristinagutierrez@example.org,22,Assignment22,2025-05-08,2025-06-13,2025-06-20,2025-06-17,2025-06-27,2025-06-28,2025-07-01,2025-06-10,2025-07-27,98,29,2025-06-23
78,1,Jesse Marshall,linda25@example.net,2,Economics 201,121,Elizabeth Wilcox,kristinagutierrez@example.org,22,Assignment22,2025-05-08,2025-06-13,2025-06-20,2025-06-17,2025-06-27,2025-06-28,2025-07-01,2025-06-10,2025-07-27,176,75,2025-06-13
79,44,Justin Sullivan,michaelduncan@example.net,2,Economics 201,121,Elizabeth Wilcox,kristinagutierrez@example.org,22,Assignment22,2025-05-08,2025-06-13,2025-06-20,2025-06-17,2025-06-27,2025-06-28,2025-07-01,2025-06-10,2025-07-27,15,58,2025-06-15
80,16,Travis Ruiz,amanda97@example.com,2,Economics 201,121,Elizabeth Wilcox,kristinagutierrez@example.org,22,Assignment22,2025-05-08,2025-06-13,2025-06-20,2025-06-17,2025-06-27,2025-06-28,2025-07-01,2025-06-10,2025-07-27,171,64,2025-06-13
81,19,Francis Mcknight,pcummings@example.net,2,Economics 201,121,Elizabeth Wilcox,kristinagutierrez@example.org,22,Assignment22,2025-05-08,2025-06-13,2025-06-20,2025-06-17,2025-06-27,2025-06-28,2025-07-01,2025-06-10,2025-07-27,147,76,2025-06-15
82,14,Brianna Mckee,myersjoseph@example.net,2,Economics 201,121,Elizabeth Wilcox,kristinagutierrez@example.org,22,Assignment22,2025-05-08,2025-06-13,2025-06-20,2025-06-17,2025-06-27,2025-06-28,2025-07-01,2025-06-10,2025-07-27,196,81,2025-06-19
83,104,Michael Crawford,qsutton@example.org,2,Economics 201,121,Elizabeth Wilcox,kristinagutierrez@example.org,22,Assignment22,2025-05-08,2025-06-13,2025-06-20,2025-06-17,2025-06-27,2025-06-28,2025-07-01,2025-06-10,2025-07-27,181,59,2025-06-17
84,73,Andrea Lee,glennwilliams@example.org,2,Economics 201,121,Elizabeth Wilcox,kristinagutierrez@example.org,28,Assignment28,2025-05-08,2025-06-27,2025-06-29,2025-06-26,2025-07-06,2025-07-07,2025-07-11,2025-06-10,2025-07-27,78,84,2025-06-22
85,26,Jessica Burke,quinnmichelle@example.com,2,Economics 201,121,Elizabeth Wilcox,kristinagutierrez@example.org,28,Assignment28,2025-05-08,2025-06-27,2025-06-29,2025-06-26,2025-07-06,2025-07-07,2025-07-11,2025-06-10,2025-07-27,14,40,2025-06-23
86,1,Jesse Marshall,linda25@example.net,2,Economics 201,121,Elizabeth Wilcox,kristinagutierrez@example.org,28,Assignment28,2025-05-08,2025-06-27,2025-06-29,2025-06-26,2025-07-06,2025-07-07,2025-07-11,2025-06-10,2025-07-27,176,64,2025-06-30
87,16,Travis Ruiz,amanda97@example.com,2,Economics 201,121,Elizabeth Wilcox,kristinagutierrez@example.org,28,Assignment28,2025-05-08,2025-06-27,2025-06-29,2025-06-26,2025-07-06,2025-07-07,2025-07-11,2025-06-10,2025-07-27,171,82,2025-06-23
88,104,Michael Crawford,qsutton@example.org,2,Economics 201,121,Elizabeth Wilcox,kristinagutierrez@example.org,28,Assignment28,2025-05-08,2025-06-27,2025-06-29,2025-06-26,2025-07-06,2025-07-07,2025-07-11,2025-06-10,2025-07-27,181,98,2025-06-22
89,19,Francis Mcknight,pcummings@example.net,2,Economics 201,121,Elizabeth Wilcox,kristinagutierrez@example.org,28,Assignment28,2025-05-08,2025-06-27,2025-06-29,2025-06-26,2025-07-06,2025-07-07,2025-07-11,2025-06-10,2025-07-27,147,45,2025-07-04
90,14,Brianna Mckee,myersjoseph@example.net,2,Economics 201,121,Elizabeth Wilcox,kristinagutierrez@example.org,28,Assignment28,2025-05-08,2025-06-27,2025-06-29,2025-06-26,2025-07-06,2025-07-07,2025-07-11,2025-06-10,2025-07-27,196,45,2025-06-28
91,44,Justin Sullivan,michaelduncan@example.net,2,Economics 201,121,Elizabeth Wilcox,kristinagutierrez@example.org,28,Assignment28,2025-05-08,2025-06-27,2025-06-29,2025-06-26,2025-07-06,2025-07-07,2025-07-11,2025-06-10,2025-07-27,15,54,2025-07-02
92,84,Laura Beck,melanierodriguez@example.com,2,Economics 201,121,Elizabeth Wilcox,kristinagutierrez@example.org,28,Assignment28,2025-05-08,2025-06-27,2025-06-29,2025-06-26,2025-07-06,2025-07-07,2025-07-11,2025-06-10,2025-07-27,98,60,2025-06-23
93,81,Raymond Mann,rachel28@example.com,2,Economics 201,121,Elizabeth Wilcox,kristinagutierrez@example.org,28,Assignment28,2025-05-08,2025-06-27,2025-06-29,2025-06-26,2025-07-06,2025-07-07,2025-07-11,2025-06-10,2025-07-27,55,0,2025-07-05
94,35,Suzanne Weber,lparsons@example.com,2,Economics 201,121,Elizabeth Wilcox,kristinagutierrez@example.org,28,Assignment28,2025-05-08,2025-06-27,2025-06-29,2025-06-26,2025-07-06,2025-07-07,2025-07-11,2025-06-10,2025-07-27,169,50,2025-07-03
95,73,Andrea Lee,glennwilliams@example.org,2,Economics 201,121,Elizabeth Wilcox,kristinagutierrez@example.org,30,Assignment30,2025-05-08,2025-07-06,2025-07-13,2025-07-10,2025-07-22,2025-07-20,2025-07-24,2025-06-10,2025-07-27,78,46,2025-07-13
96,81,Raymond Mann,rachel28@example.com,2,Economics 201,121,Elizabeth Wilcox,kristinagutierrez@example.org,30,Assignment30,2025-05-08,2025-07-06,2025-07-13,2025-07-10,2025-07-22,2025-07-20,2025-07-24,2025-06-10,2025-07-27,55,86,2025-07-12
97,26,Jessica Burke,quinnmichelle@example.com,2,Economics 201,121,Elizabeth Wilcox,kristinagutierrez@example.org,30,Assignment30,2025-05-08,2025-07-06,2025-07-13,2025-07-10,2025-07-22,2025-07-20,2025-07-24,2025-06-10,2025-07-27,14,59,2025-07-17
98,14,Brianna Mckee,myersjoseph@example.net,2,Economics 201,121,Elizabeth Wilcox,kristinagutierrez@example.org,30,Assignment30,2025-05-08,2025-07-06,2025-07-13,2025-07-10,2025-07-22,2025-07-20,2025-07-24,2025-06-10,2025-07-27,196,71,2025-07-18
99,16,Travis Ruiz,amanda97@example.com,2,Economics 201,121,Elizabeth Wilcox,kristinagutierrez@example.org,30,Assignment30,2025-05-08,2025-07-06,2025-07-13,2025-07-10,2025-07-22,2025-07-20,2025-07-24,2025-06-10,2025-07-27,171,63,2025-07-11
100,1,Jesse Marshall,linda25@example.net,2,Economics 201,121,Elizabeth Wilcox,kristinagutierrez@example.org,30,Assignment30,2025-05-08,2025-07-06,2025-07-13,2025-07-10,2025-07-22,2025-07-20,2025-07-24,2025-06-10,2025-07-27,176,85,2025-07-16
101,104,Michael Crawford,qsutton@example.org,2,Economics 201,121,Elizabeth Wilcox,kristinagutierrez@example.org,30,Assignment30,2025-05-08,2025-07-06,2025-07-13,2025-07-10,2025-07-22,2025-07-20,2025-07-24,2025-06-10,2025-07-27,181,49,2025-07-14
102,44,Justin Sullivan,michaelduncan@example.net,2,Economics 201,121,Elizabeth Wilcox,kristinagutierrez@example.org,30,Assignment30,2025-05-08,2025-07-06,2025-07-13,2025-07-10,2025-07-22,2025-07-20,2025-07-24,2025-06-10,2025-07-27,15,78,2025-07-14
103,19,Francis Mcknight,pcummings@example.net,2,Economics 201,121,Elizabeth Wilcox,kristinagutierrez@example.org,30,Assignment30,2025-05-08,2025-07-06,2025-07-13,2025-07-10,2025-07-22,2025-07-20,2025-07-24,2025-06-10,2025-07-27,147,79,2025-07-07
104,35,Suzanne Weber,lparsons@example.com,2,Economics 201,121,Elizabeth Wilcox,kristinagutierrez@example.org,30,Assignment30,2025-05-08,2025-07-06,2025-07-13,2025-07-10,2025-07-22,2025-07-20,2025-07-24,2025-06-10,2025-07-27,169,62,2025-07-15
105,84,Laura Beck,melanierodriguez@example.com,2,Economics 201,121,Elizabeth Wilcox,kristinagutierrez@example.org,30,Assignment30,2025-05-08,2025-07-06,2025-07-13,2025-07-10,2025-07-22,2025-07-20,2025-07-24,2025-06-10,2025-07-27,98,94,2025-07-06
106,104,Michael Crawford,qsutton@example.org,10,Art 301,122,Brenda Shepard,alvaradogeorge@example.net,5,Assignment5,2025-05-14,2025-05-19,2025-05-27,2025-05-24,2025-06-04,2025-06-04,2025-06-08,2025-06-21,2025-07-28,180,87,2025-05-27
107,12,Lori Kennedy,mejiarenee@example.com,10,Art 301,122,Brenda Shepard,alvaradogeorge@example.net,5,Assignment5,2025-05-14,2025-05-19,2025-05-27,2025-05-24,2025-06-04,2025-06-04,2025-06-08,2025-06-21,2025-07-28,188,71,2025-05-22
108,35,Suzanne Weber,lparsons@example.com,10,Art 301,122,Brenda Shepard,alvaradogeorge@example.net,5,Assignment5,2025-05-14,2025-05-19,2025-05-27,2025-05-24,2025-06-04,2025-06-04,2025-06-08,2025-06-21,2025-07-28,168,63,2025-05-27
109,36,Michael Bryan,tjohnson@example.org,10,Art 301,122,Brenda Shepard,alvaradogeorge@example.net,5,Assignment5,2025-05-14,2025-05-19,2025-05-27,2025-05-24,2025-06-04,2025-06-04,2025-06-08,2025-06-21,2025-07-28,127,61,2025-05-28
110,118,Todd Taylor,fbrown@example.org,10,Art 301,122,Brenda Shepard,alvaradogeorge@example.net,5,Assignment5,2025-05-14,2025-05-19,2025-05-27,2025-05-24,2025-06-04,2025-06-04,2025-06-08,2025-06-21,2025-07-28,72,78,2025-05-26
111,61,John Brown,josephrush@example.net,10,Art 301,122,Brenda Shepard,alvaradogeorge@example.net,5,Assignment5,2025-05-14,2025-05-19,2025-05-27,2025-05-24,2025-06-04,2025-06-04,2025-06-08,2025-06-21,2025-07-28,200,57,2025-05-28
112,53,Ann Davis,hjones@example.org,10,Art 301,122,Brenda Shepard,alvaradogeorge@example.net,5,Assignment5,2025-05-14,2025-05-19,2025-05-27,2025-05-24,2025-06-04,2025-06-04,2025-06-08,2025-06-21,2025-07-28,117,77,2025-05-21
113,95,Kayla Miranda,evanseric@example.com,10,Art 301,122,Brenda Shepard,alvaradogeorge@example.net,5,Assignment5,2025-05-14,2025-05-19,2025-05-27,2025-05-24,2025-06-04,2025-06-04,2025-06-08,2025-06-21,2025-07-28,182,78,2025-05-29
114,9,Jessica Vasquez,amyjensen@example.net,10,Art 301,122,Brenda Shepard,alvaradogeorge@example.net,5,Assignment5,2025-05-14,2025-05-19,2025-05-27,2025-05-24,2025-06-04,2025-06-04,2025-06-08,2025-06-21,2025-07-28,155,38,2025-05-30
115,113,Erica Soto,uanderson@example.com,10,Art 301,122,Brenda Shepard,alvaradogeorge@example.net,5,Assignment5,2025-05-14,2025-05-19,2025-05-27,2025-05-24,2025-06-04,2025-06-04,2025-06-08,2025-06-21,2025-07-28,162,97,2025-05-24
116,118,Todd Taylor,fbrown@example.org,10,Art 301,122,Brenda Shepard,alvaradogeorge@example.net,29,Assignment29,2025-05-14,2025-05-29,2025-05-30,2025-05-27,2025-06-09,2025-06-06,2025-06-10,2025-06-21,2025-07-28,72,70,2025-06-04
117,104,Michael Crawford,qsutton@example.org,10,Art 301,122,Brenda Shepard,alvaradogeorge@example.net,29,Assignment29,2025-05-14,2025-05-29,2025-05-30,2025-05-27,2025-06-09,2025-06-06,2025-06-10,2025-06-21,2025-07-28,180,61,2025-05-25
118,9,Jessica Vasquez,amyjensen@example.net,10,Art 301,122,Brenda Shepard,alvaradogeorge@example.net,29,Assignment29,2025-05-14,2025-05-29,2025-05-30,2025-05-27,2025-06-09,2025-06-06,2025-06-10,2025-06-21,2025-07-28,155,96,2025-05-23
119,36,Michael Bryan,tjohnson@example.org,10,Art 301,122,Brenda Shepard,alvaradogeorge@example.net,29,Assignment29,2025-05-14,2025-05-29,2025-05-30,2025-05-27,2025-06-09,2025-06-06,2025-06-10,2025-06-21,2025-07-28,127,66,2025-05-23
120,61,John Brown,josephrush@example.net,10,Art 301,122,Brenda Shepard,alvaradogeorge@example.net,29,Assignment29,2025-05-14,2025-05-29,2025-05-30,2025-05-27,2025-06-09,2025-06-06,2025-06-10,2025-06-21,2025-07-28,200,76,2025-05-28
121,35,Suzanne Weber,lparsons@example.com,10,Art 301,122,Brenda Shepard,alvaradogeorge@example.net,29,Assignment29,2025-05-14,2025-05-29,2025-05-30,2025-05-27,2025-06-09,2025-06-06,2025-06-10,2025-06-21,2025-07-28,168,81,2025-05-29
122,12,Lori Kennedy,mejiarenee@example.com,10,Art 301,122,Brenda Shepard,alvaradogeorge@example.net,29,Assignment29,2025-05-14,2025-05-29,2025-05-30,2025-05-27,2025-06-09,2025-06-06,2025-06-10,2025-06-21,2025-07-28,188,64,2025-06-03
123,95,Kayla Miranda,evanseric@example.com,10,Art 301,122,Brenda Shepard,alvaradogeorge@example.net,29,Assignment29,2025-05-14,2025-05-29,2025-05-30,2025-05-27,2025-06-09,2025-06-06,2025-06-10,2025-06-21,2025-07-28,182,85,2025-05-27
124,13,Alejandra Thomas,turnermichael@example.com,10,Art 301,122,Brenda Shepard,alvaradogeorge@example.net,29,Assignment29,2025-05-14,2025-05-29,2025-05-30,2025-05-27,2025-06-09,2025-06-06,2025-06-10,2025-06-21,2025-07-28,62,64,2025-06-03
125,53,Ann Davis,hjones@example.org,10,Art 301,122,Brenda Shepard,alvaradogeorge@example.net,29,Assignment29,2025-05-14,2025-05-29,2025-05-30,2025-05-27,2025-06-09,2025-06-06,2025-06-10,2025-06-21,2025-07-28,117,80,2025-06-03
126,113,Erica Soto,uanderson@example.com,10,Art 301,122,Brenda Shepard,alvaradogeorge@example.net,29,Assignment29,2025-05-14,2025-05-29,2025-05-30,2025-05-27,2025-06-09,2025-06-06,2025-06-10,2025-06-21,2025-07-28,162,95,2025-05-29
127,8,Bruce Short,nicole02@example.com,8,Advanced Philosophy,126,Bernard Knight,christopherbarnes@example.com,6,Assignment6,2025-05-12,2025-05-17,2025-05-27,2025-05-24,2025-06-03,2025-06-05,2025-06-09,2025-06-25,2025-07-27,108,46,2025-05-22
128,20,Thomas Soto,ellisrobert@example.org,8,Advanced Philosophy,126,Bernard Knight,christopherbarnes@example.com,6,Assignment6,2025-05-12,2025-05-17,2025-05-27,2025-05-24,2025-06-03,2025-06-05,2025-06-09,2025-06-25,2025-07-27,121,0,2025-06-02
129,43,Micheal Lawrence,timothyshelton@example.org,8,Advanced Philosophy,126,Bernard Knight,christopherbarnes@example.com,6,Assignment6,2025-05-12,2025-05-17,2025-05-27,2025-05-24,2025-06-03,2025-06-05,2025-06-09,2025-06-25,2025-07-27,110,59,2025-05-25
130,3,Chad Schultz,goodwinrobin@example.com,8,Advanced Philosophy,126,Bernard Knight,christopherbarnes@example.com,6,Assignment6,2025-05-12,2025-05-17,2025-05-27,2025-05-24,2025-06-03,2025-06-05,2025-06-09,2025-06-25,2025-07-27,141,86,2025-05-22
131,9,Jessica Vasquez,amyjensen@example.net,8,Advanced Philosophy,126,Bernard Knight,christopherbarnes@example.com,6,Assignment6,2025-05-12,2025-05-17,2025-05-27,2025-05-24,2025-06-03,2025-06-05,2025-06-09,2025-06-25,2025-07-27,157,72,2025-05-25
132,42,Larry Mccullough,andreagarcia@example.net,8,Advanced Philosophy,126,Bernard Knight,christopherbarnes@example.com,6,Assignment6,2025-05-12,2025-05-17,2025-05-27,2025-05-24,2025-06-03,2025-06-05,2025-06-09,2025-06-25,2025-07-27,2,47,2025-05-24
133,100,Daniel Torres,marcus08@example.org,8,Advanced Philosophy,126,Bernard Knight,christopherbarnes@example.com,6,Assignment6,2025-05-12,2025-05-17,2025-05-27,2025-05-24,2025-06-03,2025-06-05,2025-06-09,2025-06-25,2025-07-27,192,99,2025-05-23
134,2,Michael Williams,lambalexander@example.org,8,Advanced Philosophy,126,Bernard Knight,christopherbarnes@example.com,6,Assignment6,2025-05-12,2025-05-17,2025-05-27,2025-05-24,2025-06-03,2025-06-05,2025-06-09,2025-06-25,2025-07-27,190,70,2025-06-01
135,15,Mrs. Anne Rhodes MD,davidbates@example.net,8,Advanced Philosophy,126,Bernard Knight,christopherbarnes@example.com,6,Assignment6,2025-05-12,2025-05-17,2025-05-27,2025-05-24,2025-06-03,2025-06-05,2025-06-09,2025-06-25,2025-07-27,69,94,2025-05-26
136,3,Chad Schultz,goodwinrobin@example.com,8,Advanced Philosophy,126,Bernard Knight,christopherbarnes@example.com,8,Assignment8,2025-05-12,2025-06-03,2025-06-05,2025-06-02,2025-06-12,2025-06-15,2025-06-18,2025-06-25,2025-07-27,141,63,2025-06-04
137,15,Mrs. Anne Rhodes MD,davidbates@example.net,8,Advanced Philosophy,126,Bernard Knight,christopherbarnes@example.com,8,Assignment8,2025-05-12,2025-06-03,2025-06-05,2025-06-02,2025-06-12,2025-06-15,2025-06-18,2025-06-25,2025-07-27,69,53,2025-06-07
138,2,Michael Williams,lambalexander@example.org,8,Advanced Philosophy,126,Bernard Knight,christopherbarnes@example.com,8,Assignment8,2025-05-12,2025-06-03,2025-06-05,2025-06-02,2025-06-12,2025-06-15,2025-06-18,2025-06-25,2025-07-27,190,48,2025-06-01
139,9,Jessica Vasquez,amyjensen@example.net,8,Advanced Philosophy,126,Bernard Knight,christopherbarnes@example.com,8,Assignment8,2025-05-12,2025-06-03,2025-06-05,2025-06-02,2025-06-12,2025-06-15,2025-06-18,2025-06-25,2025-07-27,157,54,2025-06-09
140,20,Thomas Soto,ellisrobert@example.org,8,Advanced Philosophy,126,Bernard Knight,christopherbarnes@example.com,8,Assignment8,2025-05-12,2025-06-03,2025-06-05,2025-06-02,2025-06-12,2025-06-15,2025-06-18,2025-06-25,2025-07-27,121,81,2025-06-03
141,42,Larry Mccullough,andreagarcia@example.net,8,Advanced Philosophy,126,Bernard Knight,christopherbarnes@example.com,8,Assignment8,2025-05-12,2025-06-03,2025-06-05,2025-06-02,2025-06-12,2025-06-15,2025-06-18,2025-06-25,2025-07-27,2,0,2025-06-11
142,8,Bruce Short,nicole02@example.com,8,Advanced Philosophy,126,Bernard Knight,christopherbarnes@example.com,8,Assignment8,2025-05-12,2025-06-03,2025-06-05,2025-06-02,2025-06-12,2025-06-15,2025-06-18,2025-06-25,2025-07-27,108,74,2025-06-05
143,3,Chad Schultz,goodwinrobin@example.com,8,Advanced Philosophy,126,Bernard Knight,christopherbarnes@example.com,23,Assignment23,2025-05-12,2025-06-12,2025-06-19,2025-06-16,2025-06-27,2025-06-26,2025-06-29,2025-06-25,2025-07-27,141,66,2025-06-15
144,78,Cassandra Webb,gharris@example.com,8,Advanced Philosophy,126,Bernard Knight,christopherbarnes@example.com,23,Assignment23,2025-05-12,2025-06-12,2025-06-19,2025-06-16,2025-06-27,2025-06-26,2025-06-29,2025-06-25,2025-07-27,214,70,2025-06-23
145,100,Daniel Torres,marcus08@example.org,8,Advanced Philosophy,126,Bernard Knight,christopherbarnes@example.com,23,Assignment23,2025-05-12,2025-06-12,2025-06-19,2025-06-16,2025-06-27,2025-06-26,2025-06-29,2025-06-25,2025-07-27,192,29,2025-06-24
146,42,Larry Mccullough,andreagarcia@example.net,8,Advanced Philosophy,126,Bernard Knight,christopherbarnes@example.com,23,Assignment23,2025-05-12,2025-06-12,2025-06-19,2025-06-16,2025-06-27,2025-06-26,2025-06-29,2025-06-25,2025-07-27,2,94,2025-06-19
147,43,Micheal Lawrence,timothyshelton@example.org,8,Advanced Philosophy,126,Bernard Knight,christopherbarnes@example.com,23,Assignment23,2025-05-12,2025-06-12,2025-06-19,2025-06-16,2025-06-27,2025-06-26,2025-06-29,2025-06-25,2025-07-27,110,42,2025-06-17
148,8,Bruce Short,nicole02@example.com,8,Advanced Philosophy,126,Bernard Knight,christopherbarnes@example.com,23,Assignment23,2025-05-12,2025-06-12,2025-06-19,2025-06-16,2025-06-27,2025-06-26,2025-06-29,2025-06-25,2025-07-27,108,97,2025-06-18
149,9,Jessica Vasquez,amyjensen@example.net,8,Advanced Philosophy,126,Bernard Knight,christopherbarnes@example.com,23,Assignment23,2025-05-12,2025-06-12,2025-06-19,2025-06-16,2025-06-27,2025-06-26,2025-06-29,2025-06-25,2025-07-27,157,83,2025-06-18
150,27,Terry Armstrong,amccullough@example.net,8,Advanced Philosophy,126,Bernard Knight,christopherbarnes@example.com,23,Assignment23,2025-05-12,2025-06-12,2025-06-19,2025-06-16,2025-06-27,2025-06-26,2025-06-29,2025-06-25,2025-07-27,129,55,2025-06-22
151,2,Michael Williams,lambalexander@example.org,8,Advanced Philosophy,126,Bernard Knight,christopherbarnes@example.com,23,Assignment23,2025-05-12,2025-06-12,2025-06-19,2025-06-16,2025-06-27,2025-06-26,2025-06-29,2025-06-25,2025-07-27,190,55,2025-06-16
152,15,Mrs. Anne Rhodes MD,davidbates@example.net,8,Advanced Philosophy,126,Bernard Knight,christopherbarnes@example.com,23,Assignment23,2025-05-12,2025-06-12,2025-06-19,2025-06-16,2025-06-27,2025-06-26,2025-06-29,2025-06-25,2025-07-27,69,57,2025-06-13
153,73,Andrea Lee,glennwilliams@example.org,15,Intro to Economics,130,Mr. Joshua Elliott,tfoster@example.net,7,Assignment7,2025-05-11,2025-05-18,2025-05-30,2025-05-27,2025-06-06,2025-06-10,2025-06-12,2025-06-24,2025-08-07,77,44,2025-06-04
154,63,Sherri Briggs,brian98@example.net,15,Intro to Economics,130,Mr. Joshua Elliott,tfoster@example.net,7,Assignment7,2025-05-11,2025-05-18,2025-05-30,2025-05-27,2025-06-06,2025-06-10,2025-06-12,2025-06-24,2025-08-07,52,78,2025-05-27
155,118,Todd Taylor,fbrown@example.org,15,Intro to Economics,130,Mr. Joshua Elliott,tfoster@example.net,7,Assignment7,2025-05-11,2025-05-18,2025-05-30,2025-05-27,2025-06-06,2025-06-10,2025-06-12,2025-06-24,2025-08-07,73,62,2025-06-01
156,77,Nicole Garcia,morrisonalicia@example.com,15,Intro to Economics,130,Mr. Joshua Elliott,tfoster@example.net,7,Assignment7,2025-05-11,2025-05-18,2025-05-30,2025-05-27,2025-06-06,2025-06-10,2025-06-12,2025-06-24,2025-08-07,23,46,2025-06-03
157,64,Jeffery Miller,sandersdanielle@example.org,15,Intro to Economics,130,Mr. Joshua Elliott,tfoster@example.net,7,Assignment7,2025-05-11,2025-05-18,2025-05-30,2025-05-27,2025-06-06,2025-06-10,2025-06-12,2025-06-24,2025-08-07,92,64,2025-06-03
158,19,Francis Mcknight,pcummings@example.net,15,Intro to Economics,130,Mr. Joshua Elliott,tfoster@example.net,7,Assignment7,2025-05-11,2025-05-18,2025-05-30,2025-05-27,2025-06-06,2025-06-10,2025-06-12,2025-06-24,2025-08-07,146,71,2025-05-26
159,112,Sarah Dean,gomezjennifer@example.net,15,Intro to Economics,130,Mr. Joshua Elliott,tfoster@example.net,7,Assignment7,2025-05-11,2025-05-18,2025-05-30,2025-05-27,2025-06-06,2025-06-10,2025-06-12,2025-06-24,2025-08-07,99,86,2025-05-30
160,46,Eric Young,michael57@example.com,15,Intro to Economics,130,Mr. Joshua Elliott,tfoster@example.net,7,Assignment7,2025-05-11,2025-05-18,2025-05-30,2025-05-27,2025-06-06,2025-06-10,2025-06-12,2025-06-24,2025-08-07,102,69,2025-05-30
161,59,Katherine Simmons,johnsonsean@example.com,15,Intro to Economics,130,Mr. Joshua Elliott,tfoster@example.net,7,Assignment7,2025-05-11,2025-05-18,2025-05-30,2025-05-27,2025-06-06,2025-06-10,2025-06-12,2025-06-24,2025-08-07,66,55,2025-06-01
162,98,Renee Moore,nflores@example.com,15,Intro to Economics,130,Mr. Joshua Elliott,tfoster@example.net,7,Assignment7,2025-05-11,2025-05-18,2025-05-30,2025-05-27,2025-06-06,2025-06-10,2025-06-12,2025-06-24,2025-08-07,151,93,2025-05-31
163,102,Lori Bruce,melissasanders@example.net,15,Intro to Economics,130,Mr. Joshua Elliott,tfoster@example.net,7,Assignment7,2025-05-11,2025-05-18,2025-05-30,2025-05-27,2025-06-06,2025-06-10,2025-06-12,2025-06-24,2025-08-07,185,80,2025-05-24
164,107,Deborah Byrd,whitelisa@example.net,15,Intro to Economics,130,Mr. Joshua Elliott,tfoster@example.net,7,Assignment7,2025-05-11,2025-05-18,2025-05-30,2025-05-27,2025-06-06,2025-06-10,2025-06-12,2025-06-24,2025-08-07,57,0,2025-06-05
165,101,Kimberly Sanchez,kleonard@example.net,15,Intro to Economics,130,Mr. Joshua Elliott,tfoster@example.net,7,Assignment7,2025-05-11,2025-05-18,2025-05-30,2025-05-27,2025-06-06,2025-06-10,2025-06-12,2025-06-24,2025-08-07,216,48,2025-05-29
166,53,Ann Davis,hjones@example.org,15,Intro to Economics,130,Mr. Joshua Elliott,tfoster@example.net,10,Assignment10,2025-05-11,2025-06-01,2025-06-03,2025-05-31,2025-06-08,2025-06-12,2025-06-16,2025-06-24,2025-08-07,118,41,2025-06-04
167,63,Sherri Briggs,brian98@example.net,15,Intro to Economics,130,Mr. Joshua Elliott,tfoster@example.net,10,Assignment10,2025-05-11,2025-06-01,2025-06-03,2025-05-31,2025-06-08,2025-06-12,2025-06-16,2025-06-24,2025-08-07,52,74,2025-05-29
168,91,Hailey Ruiz,sking@example.net,15,Intro to Economics,130,Mr. Joshua Elliott,tfoster@example.net,10,Assignment10,2025-05-11,2025-06-01,2025-06-03,2025-05-31,2025-06-08,2025-06-12,2025-06-16,2025-06-24,2025-08-07,165,32,2025-06-07
169,112,Sarah Dean,gomezjennifer@example.net,15,Intro to Economics,130,Mr. Joshua Elliott,tfoster@example.net,10,Assignment10,2025-05-11,2025-06-01,2025-06-03,2025-05-31,2025-06-08,2025-06-12,2025-06-16,2025-06-24,2025-08-07,99,50,2025-06-08
170,102,Lori Bruce,melissasanders@example.net,15,Intro to Economics,130,Mr. Joshua Elliott,tfoster@example.net,10,Assignment10,2025-05-11,2025-06-01,2025-06-03,2025-05-31,2025-06-08,2025-06-12,2025-06-16,2025-06-24,2025-08-07,185,48,2025-06-02
171,64,Jeffery Miller,sandersdanielle@example.org,15,Intro to Economics,130,Mr. Joshua Elliott,tfoster@example.net,10,Assignment10,2025-05-11,2025-06-01,2025-06-03,2025-05-31,2025-06-08,2025-06-12,2025-06-16,2025-06-24,2025-08-07,92,50,2025-06-05
172,77,Nicole Garcia,morrisonalicia@example.com,15,Intro to Economics,130,Mr. Joshua Elliott,tfoster@example.net,10,Assignment10,2025-05-11,2025-06-01,2025-06-03,2025-05-31,2025-06-08,2025-06-12,2025-06-16,2025-06-24,2025-08-07,23,0,2025-06-09
173,107,Deborah Byrd,whitelisa@example.net,15,Intro to Economics,130,Mr. Joshua Elliott,tfoster@example.net,10,Assignment10,2025-05-11,2025-06-01,2025-06-03,2025-05-31,2025-06-08,2025-06-12,2025-06-16,2025-06-24,2025-08-07,57,59,2025-06-05
174,86,Jillian Francis,kenneth95@example.com,15,Intro to Economics,130,Mr. Joshua Elliott,tfoster@example.net,10,Assignment10,2025-05-11,2025-06-01,2025-06-03,2025-05-31,2025-06-08,2025-06-12,2025-06-16,2025-06-24,2025-08-07,37,33,2025-06-06
175,74,Paul Mcdowell,elizabethmiller@example.com,15,Intro to Economics,130,Mr. Joshua Elliott,tfoster@example.net,10,Assignment10,2025-05-11,2025-06-01,2025-06-03,2025-05-31,2025-06-08,2025-06-12,2025-06-16,2025-06-24,2025-08-07,104,39,2025-06-04
176,101,Kimberly Sanchez,kleonard@example.net,15,Intro to Economics,130,Mr. Joshua Elliott,tfoster@example.net,10,Assignment10,2025-05-11,2025-06-01,2025-06-03,2025-05-31,2025-06-08,2025-06-12,2025-06-16,2025-06-24,2025-08-07,216,87,2025-05-30
177,19,Francis Mcknight,pcummings@example.net,15,Intro to Economics,130,Mr. Joshua Elliott,tfoster@example.net,10,Assignment10,2025-05-11,2025-06-01,2025-06-03,2025-05-31,2025-06-08,2025-06-12,2025-06-16,2025-06-24,2025-08-07,146,35,2025-06-06
178,34,Brian Cain,wrightthomas@example.com,15,Intro to Economics,130,Mr. Joshua Elliott,tfoster@example.net,10,Assignment10,2025-05-11,2025-06-01,2025-06-03,2025-05-31,2025-06-08,2025-06-12,2025-06-16,2025-06-24,2025-08-07,35,69,2025-06-02
179,73,Andrea Lee,glennwilliams@example.org,15,Intro to Economics,130,Mr. Joshua Elliott,tfoster@example.net,10,Assignment10,2025-05-11,2025-06-01,2025-06-03,2025-05-31,2025-06-08,2025-06-12,2025-06-16,2025-06-24,2025-08-07,77,53,2025-06-03
180,118,Todd Taylor,fbrown@example.org,15,Intro to Economics,130,Mr. Joshua Elliott,tfoster@example.net,15,Assignment15,2025-05-11,2025-06-10,2025-06-17,2025-06-14,2025-06-22,2025-06-26,2025-06-30,2025-06-24,2025-08-07,73,87,2025-06-15
181,63,Sherri Briggs,brian98@example.net,15,Intro to Economics,130,Mr. Joshua Elliott,tfoster@example.net,15,Assignment15,2025-05-11,2025-06-10,2025-06-17,2025-06-14,2025-06-22,2025-06-26,2025-06-30,2025-06-24,2025-08-07,52,65,2025-06-19
182,119,David Fields,michaelsmith@example.net,15,Intro to Economics,130,Mr. Joshua Elliott,tfoster@example.net,15,Assignment15,2025-05-11,2025-06-10,2025-06-17,2025-06-14,2025-06-22,2025-06-26,2025-06-30,2025-06-24,2025-08-07,136,49,2025-06-19
183,102,Lori Bruce,melissasanders@example.net,15,Intro to Economics,130,Mr. Joshua Elliott,tfoster@example.net,15,Assignment15,2025-05-11,2025-06-10,2025-06-17,2025-06-14,2025-06-22,2025-06-26,2025-06-30,2025-06-24,2025-08-07,185,42,2025-06-20
184,34,Brian Cain,wrightthomas@example.com,15,Intro to Economics,130,Mr. Joshua Elliott,tfoster@example.net,15,Assignment15,2025-05-11,2025-06-10,2025-06-17,2025-06-14,2025-06-22,2025-06-26,2025-06-30,2025-06-24,2025-08-07,35,42,2025-06-11
185,98,Renee Moore,nflores@example.com,15,Intro to Economics,130,Mr. Joshua Elliott,tfoster@example.net,15,Assignment15,2025-05-11,2025-06-10,2025-06-17,2025-06-14,2025-06-22,2025-06-26,2025-06-30,2025-06-24,2025-08-07,151,58,2025-06-20
186,101,Kimberly Sanchez,kleonard@example.net,15,Intro to Economics,130,Mr. Joshua Elliott,tfoster@example.net,15,Assignment15,2025-05-11,2025-06-10,2025-06-17,2025-06-14,2025-06-22,2025-06-26,2025-06-30,2025-06-24,2025-08-07,216,73,2025-06-18
187,74,Paul Mcdowell,elizabethmiller@example.com,15,Intro to Economics,130,Mr. Joshua Elliott,tfoster@example.net,15,Assignment15,2025-05-11,2025-06-10,2025-06-17,2025-06-14,2025-06-22,2025-06-26,2025-06-30,2025-06-24,2025-08-07,104,70,2025-06-21
188,53,Ann Davis,hjones@example.org,15,Intro to Economics,130,Mr. Joshua Elliott,tfoster@example.net,15,Assignment15,2025-05-11,2025-06-10,2025-06-17,2025-06-14,2025-06-22,2025-06-26,2025-06-30,2025-06-24,2025-08-07,118,89,2025-06-14
189,77,Nicole Garcia,morrisonalicia@example.com,15,Intro to Economics,130,Mr. Joshua Elliott,tfoster@example.net,15,Assignment15,2025-05-11,2025-06-10,2025-06-17,2025-06-14,2025-06-22,2025-06-26,2025-06-30,2025-06-24,2025-08-07,23,82,2025-06-19
190,112,Sarah Dean,gomezjennifer@example.net,15,Intro to Economics,130,Mr. Joshua Elliott,tfoster@example.net,15,Assignment15,2025-05-11,2025-06-10,2025-06-17,2025-06-14,2025-06-22,2025-06-26,2025-06-30,2025-06-24,2025-08-07,99,68,2025-06-15
191,86,Jillian Francis,kenneth95@example.com,15,Intro to Economics,130,Mr. Joshua Elliott,tfoster@example.net,15,Assignment15,2025-05-11,2025-06-10,2025-06-17,2025-06-14,2025-06-22,2025-06-26,2025-06-30,2025-06-24,2025-08-07,37,69,2025-06-21
192,46,Eric Young,michael57@example.com,15,Intro to Economics,130,Mr. Joshua Elliott,tfoster@example.net,15,Assignment15,2025-05-11,2025-06-10,2025-06-17,2025-06-14,2025-06-22,2025-06-26,2025-06-30,2025-06-24,2025-08-07,102,85,2025-06-13
193,91,Hailey Ruiz,sking@example.net,15,Intro to Economics,130,Mr. Joshua Elliott,tfoster@example.net,15,Assignment15,2025-05-11,2025-06-10,2025-06-17,2025-06-14,2025-06-22,2025-06-26,2025-06-30,2025-06-24,2025-08-07,165,67,2025-06-20
194,64,Jeffery Miller,sandersdanielle@example.org,15,Intro to Economics,130,Mr. Joshua Elliott,tfoster@example.net,15,Assignment15,2025-05-11,2025-06-10,2025-06-17,2025-06-14,2025-06-22,2025-06-26,2025-06-30,2025-06-24,2025-08-07,92,46,2025-06-10
195,19,Francis Mcknight,pcummings@example.net,15,Intro to Economics,130,Mr. Joshua Elliott,tfoster@example.net,15,Assignment15,2025-05-11,2025-06-10,2025-06-17,2025-06-14,2025-06-22,2025-06-26,2025-06-30,2025-06-24,2025-08-07,146,92,2025-06-14
196,73,Andrea Lee,glennwilliams@example.org,15,Intro to Economics,130,Mr. Joshua Elliott,tfoster@example.net,15,Assignment15,2025-05-11,2025-06-10,2025-06-17,2025-06-14,2025-06-22,2025-06-26,2025-06-30,2025-06-24,2025-08-07,77,72,2025-06-20
197,59,Katherine Simmons,johnsonsean@example.com,15,Intro to Economics,130,Mr. Joshua Elliott,tfoster@example.net,15,Assignment15,2025-05-11,2025-06-10,2025-06-17,2025-06-14,2025-06-22,2025-06-26,2025-06-30,2025-06-24,2025-08-07,66,60,2025-06-11
198,64,Jeffery Miller,sandersdanielle@example.org,15,Intro to Economics,130,Mr. Joshua Elliott,tfoster@example.net,21,Assignment21,2025-05-11,2025-06-24,2025-07-02,2025-06-29,2025-07-10,2025-07-12,2025-07-16,2025-06-24,2025-08-07,92,52,2025-07-02
199,98,Renee Moore,nflores@example.com,15,Intro to Economics,130,Mr. Joshua Elliott,tfoster@example.net,21,Assignment21,2025-05-11,2025-06-24,2025-07-02,2025-06-29,2025-07-10,2025-07-12,2025-07-16,2025-06-24,2025-08-07,151,47,2025-07-07
200,112,Sarah Dean,gomezjennifer@example.net,15,Intro to Economics,130,Mr. Joshua Elliott,tfoster@example.net,21,Assignment21,2025-05-11,2025-06-24,2025-07-02,2025-06-29,2025-07-10,2025-07-12,2025-07-16,2025-06-24,2025-08-07,99,70,2025-07-04
201,34,Brian Cain,wrightthomas@example.com,15,Intro to Economics,130,Mr. Joshua Elliott,tfoster@example.net,21,Assignment21,2025-05-11,2025-06-24,2025-07-02,2025-06-29,2025-07-10,2025-07-12,2025-07-16,2025-06-24,2025-08-07,35,29,2025-07-07
202,73,Andrea Lee,glennwilliams@example.org,15,Intro to Economics,130,Mr. Joshua Elliott,tfoster@example.net,21,Assignment21,2025-05-11,2025-06-24,2025-07-02,2025-06-29,2025-07-10,2025-07-12,2025-07-16,2025-06-24,2025-08-07,77,93,2025-06-27
203,19,Francis Mcknight,pcummings@example.net,15,Intro to Economics,130,Mr. Joshua Elliott,tfoster@example.net,21,Assignment21,2025-05-11,2025-06-24,2025-07-02,2025-06-29,2025-07-10,2025-07-12,2025-07-16,2025-06-24,2025-08-07,146,98,2025-07-02
204,46,Eric Young,michael57@example.com,15,Intro to Economics,130,Mr. Joshua Elliott,tfoster@example.net,21,Assignment21,2025-05-11,2025-06-24,2025-07-02,2025-06-29,2025-07-10,2025-07-12,2025-07-16,2025-06-24,2025-08-07,102,87,2025-06-30
205,107,Deborah Byrd,whitelisa@example.net,15,Intro to Economics,130,Mr. Joshua Elliott,tfoster@example.net,21,Assignment21,2025-05-11,2025-06-24,2025-07-02,2025-06-29,2025-07-10,2025-07-12,2025-07-16,2025-06-24,2025-08-07,57,25,2025-07-07
206,118,Todd Taylor,fbrown@example.org,15,Intro to Economics,130,Mr. Joshua Elliott,tfoster@example.net,21,Assignment21,2025-05-11,2025-06-24,2025-07-02,2025-06-29,2025-07-10,2025-07-12,2025-07-16,2025-06-24,2025-08-07,73,88,2025-06-28
207,119,David Fields,michaelsmith@example.net,15,Intro to Economics,130,Mr. Joshua Elliott,tfoster@example.net,21,Assignment21,2025-05-11,2025-06-24,2025-07-02,2025-06-29,2025-07-10,2025-07-12,2025-07-16,2025-06-24,2025-08-07,136,76,2025-06-26
208,63,Sherri Briggs,brian98@example.net,15,Intro to Economics,130,Mr. Joshua Elliott,tfoster@example.net,21,Assignment21,2025-05-11,2025-06-24,2025-07-02,2025-06-29,2025-07-10,2025-07-12,2025-07-16,2025-06-24,2025-08-07,52,80,2025-07-01
209,59,Katherine Simmons,johnsonsean@example.com,15,Intro to Economics,130,Mr. Joshua Elliott,tfoster@example.net,21,Assignment21,2025-05-11,2025-06-24,2025-07-02,2025-06-29,2025-07-10,2025-07-12,2025-07-16,2025-06-24,2025-08-07,66,54,2025-07-03
210,102,Lori Bruce,melissasanders@example.net,15,Intro to Economics,130,Mr. Joshua Elliott,tfoster@example.net,21,Assignment21,2025-05-11,2025-06-24,2025-07-02,2025-06-29,2025-07-10,2025-07-12,2025-07-16,2025-06-24,2025-08-07,185,38,2025-07-07
211,74,Paul Mcdowell,elizabethmiller@example.com,15,Intro to Economics,130,Mr. Joshua Elliott,tfoster@example.net,21,Assignment21,2025-05-11,2025-06-24,2025-07-02,2025-06-29,2025-07-10,2025-07-12,2025-07-16,2025-06-24,2025-08-07,104,72,2025-07-04
212,101,Kimberly Sanchez,kleonard@example.net,15,Intro to Economics,130,Mr. Joshua Elliott,tfoster@example.net,21,Assignment21,2025-05-11,2025-06-24,2025-07-02,2025-06-29,2025-07-10,2025-07-12,2025-07-16,2025-06-24,2025-08-07,216,83,2025-07-03
213,91,Hailey Ruiz,sking@example.net,15,Intro to Economics,130,Mr. Joshua Elliott,tfoster@example.net,21,Assignment21,2025-05-11,2025-06-24,2025-07-02,2025-06-29,2025-07-10,2025-07-12,2025-07-16,2025-06-24,2025-08-07,165,100,2025-06-25
214,86,Jillian Francis,kenneth95@example.com,15,Intro to Economics,130,Mr. Joshua Elliott,tfoster@example.net,21,Assignment21,2025-05-11,2025-06-24,2025-07-02,2025-06-29,2025-07-10,2025-07-12,2025-07-16,2025-06-24,2025-08-07,37,95,2025-06-27
215,77,Nicole Garcia,morrisonalicia@example.com,15,Intro to Economics,130,Mr. Joshua Elliott,tfoster@example.net,21,Assignment21,2025-05-11,2025-06-24,2025-07-02,2025-06-29,2025-07-10,2025-07-12,2025-07-16,2025-06-24,2025-08-07,23,97,2025-06-29
216,53,Ann Davis,hjones@example.org,15,Intro to Economics,130,Mr. Joshua Elliott,tfoster@example.net,21,Assignment21,2025-05-11,2025-06-24,2025-07-02,2025-06-29,2025-07-10,2025-07-12,2025-07-16,2025-06-24,2025-08-07,118,0,2025-07-08
217,118,Todd Taylor,fbrown@example.org,13,Advanced Art,129,Jerry Bailey,kjohns@example.com,9,Assignment9,2025-05-10,2025-05-12,2025-05-19,2025-05-16,2025-05-24,2025-05-31,2025-06-05,2025-06-09,2025-07-25,71,100,2025-05-13
218,19,Francis Mcknight,pcummings@example.net,13,Advanced Art,129,Jerry Bailey,kjohns@example.com,9,Assignment9,2025-05-10,2025-05-12,2025-05-19,2025-05-16,2025-05-24,2025-05-31,2025-06-05,2025-06-09,2025-07-25,145,58,2025-05-13
219,94,Carolyn Romero,mchavez@example.com,13,Advanced Art,129,Jerry Bailey,kjohns@example.com,9,Assignment9,2025-05-10,2025-05-12,2025-05-19,2025-05-16,2025-05-24,2025-05-31,2025-06-05,2025-06-09,2025-07-25,83,57,2025-05-19
220,38,Daniel Brooks,sarah61@example.com,13,Advanced Art,129,Jerry Bailey,kjohns@example.com,9,Assignment9,2025-05-10,2025-05-12,2025-05-19,2025-05-16,2025-05-24,2025-05-31,2025-06-05,2025-06-09,2025-07-25,56,43,2025-05-14
221,42,Larry Mccullough,andreagarcia@example.net,13,Advanced Art,129,Jerry Bailey,kjohns@example.com,9,Assignment9,2025-05-10,2025-05-12,2025-05-19,2025-05-16,2025-05-24,2025-05-31,2025-06-05,2025-06-09,2025-07-25,3,41,2025-05-12
222,12,Lori Kennedy,mejiarenee@example.com,13,Advanced Art,129,Jerry Bailey,kjohns@example.com,9,Assignment9,2025-05-10,2025-05-12,2025-05-19,2025-05-16,2025-05-24,2025-05-31,2025-06-05,2025-06-09,2025-07-25,187,62,2025-05-12
223,36,Michael Bryan,tjohnson@example.org,13,Advanced Art,129,Jerry Bailey,kjohns@example.com,9,Assignment9,2025-05-10,2025-05-12,2025-05-19,2025-05-16,2025-05-24,2025-05-31,2025-06-05,2025-06-09,2025-07-25,125,51,2025-05-19
224,78,Cassandra Webb,gharris@example.com,13,Advanced Art,129,Jerry Bailey,kjohns@example.com,9,Assignment9,2025-05-10,2025-05-12,2025-05-19,2025-05-16,2025-05-24,2025-05-31,2025-06-05,2025-06-09,2025-07-25,213,61,2025-05-15
225,92,Dawn Watkins,mooresamantha@example.org,13,Advanced Art,129,Jerry Bailey,kjohns@example.com,9,Assignment9,2025-05-10,2025-05-12,2025-05-19,2025-05-16,2025-05-24,2025-05-31,2025-06-05,2025-06-09,2025-07-25,137,61,2025-05-18
226,41,John Garrett,swalker@example.org,13,Advanced Art,129,Jerry Bailey,kjohns@example.com,9,Assignment9,2025-05-10,2025-05-12,2025-05-19,2025-05-16,2025-05-24,2025-05-31,2025-06-05,2025-06-09,2025-07-25,47,31,2025-05-22
227,85,Kylie Dorsey,kcampbell@example.net,13,Advanced Art,129,Jerry Bailey,kjohns@example.com,9,Assignment9,2025-05-10,2025-05-12,2025-05-19,2025-05-16,2025-05-24,2025-05-31,2025-06-05,2025-06-09,2025-07-25,80,94,2025-05-17
228,41,John Garrett,swalker@example.org,13,Advanced Art,129,Jerry Bailey,kjohns@example.com,13,Assignment13,2025-05-10,2025-05-26,2025-05-28,2025-05-25,2025-06-04,2025-06-07,2025-06-10,2025-06-09,2025-07-25,47,58,2025-05-21
229,36,Michael Bryan,tjohnson@example.org,13,Advanced Art,129,Jerry Bailey,kjohns@example.com,13,Assignment13,2025-05-10,2025-05-26,2025-05-28,2025-05-25,2025-06-04,2025-06-07,2025-06-10,2025-06-09,2025-07-25,125,43,2025-05-22
230,42,Larry Mccullough,andreagarcia@example.net,13,Advanced Art,129,Jerry Bailey,kjohns@example.com,13,Assignment13,2025-05-10,2025-05-26,2025-05-28,2025-05-25,2025-06-04,2025-06-07,2025-06-10,2025-06-09,2025-07-25,3,66,2025-06-01
231,85,Kylie Dorsey,kcampbell@example.net,13,Advanced Art,129,Jerry Bailey,kjohns@example.com,13,Assignment13,2025-05-10,2025-05-26,2025-05-28,2025-05-25,2025-06-04,2025-06-07,2025-06-10,2025-06-09,2025-07-25,80,64,2025-05-29
232,12,Lori Kennedy,mejiarenee@example.com,13,Advanced Art,129,Jerry Bailey,kjohns@example.com,13,Assignment13,2025-05-10,2025-05-26,2025-05-28,2025-05-25,2025-06-04,2025-06-07,2025-06-10,2025-06-09,2025-07-25,187,45,2025-05-28
233,69,Daniel Green,jamesmedina@example.com,13,Advanced Art,129,Jerry Bailey,kjohns@example.com,13,Assignment13,2025-05-10,2025-05-26,2025-05-28,2025-05-25,2025-06-04,2025-06-07,2025-06-10,2025-06-09,2025-07-25,59,72,2025-05-25
234,38,Daniel Brooks,sarah61@example.com,13,Advanced Art,129,Jerry Bailey,kjohns@example.com,13,Assignment13,2025-05-10,2025-05-26,2025-05-28,2025-05-25,2025-06-04,2025-06-07,2025-06-10,2025-06-09,2025-07-25,56,78,2025-05-24
235,72,Adam Mills,michaellee@example.org,13,Advanced Art,129,Jerry Bailey,kjohns@example.com,13,Assignment13,2025-05-10,2025-05-26,2025-05-28,2025-05-25,2025-06-04,2025-06-07,2025-06-10,2025-06-09,2025-07-25,140,55,2025-05-23
236,108,Nicole Richardson,timothy72@example.com,13,Advanced Art,129,Jerry Bailey,kjohns@example.com,13,Assignment13,2025-05-10,2025-05-26,2025-05-28,2025-05-25,2025-06-04,2025-06-07,2025-06-10,2025-06-09,2025-07-25,211,72,2025-05-21
237,78,Cassandra Webb,gharris@example.com,13,Advanced Art,129,Jerry Bailey,kjohns@example.com,13,Assignment13,2025-05-10,2025-05-26,2025-05-28,2025-05-25,2025-06-04,2025-06-07,2025-06-10,2025-06-09,2025-07-25,213,75,2025-06-02
238,94,Carolyn Romero,mchavez@example.com,13,Advanced Art,129,Jerry Bailey,kjohns@example.com,13,Assignment13,2025-05-10,2025-05-26,2025-05-28,2025-05-25,2025-06-04,2025-06-07,2025-06-10,2025-06-09,2025-07-25,83,0,2025-06-03
239,88,Sarah Wu,ksmith@example.net,13,Advanced Art,129,Jerry Bailey,kjohns@example.com,13,Assignment13,2025-05-10,2025-05-26,2025-05-28,2025-05-25,2025-06-04,2025-06-07,2025-06-10,2025-06-09,2025-07-25,76,66,2025-05-27
240,92,Dawn Watkins,mooresamantha@example.org,13,Advanced Art,129,Jerry Bailey,kjohns@example.com,13,Assignment13,2025-05-10,2025-05-26,2025-05-28,2025-05-25,2025-06-04,2025-06-07,2025-06-10,2025-06-09,2025-07-25,137,19,2025-06-02
241,118,Todd Taylor,fbrown@example.org,13,Advanced Art,129,Jerry Bailey,kjohns@example.com,13,Assignment13,2025-05-10,2025-05-26,2025-05-28,2025-05-25,2025-06-04,2025-06-07,2025-06-10,2025-06-09,2025-07-25,71,66,2025-06-02
242,72,Adam Mills,michaellee@example.org,13,Advanced Art,129,Jerry Bailey,kjohns@example.com,16,Assignment16,2025-05-10,2025-06-04,2025-06-10,2025-06-07,2025-06-16,2025-06-19,2025-06-23,2025-06-09,2025-07-25,140,74,2025-06-05
243,41,John Garrett,swalker@example.org,13,Advanced Art,129,Jerry Bailey,kjohns@example.com,16,Assignment16,2025-05-10,2025-06-04,2025-06-10,2025-06-07,2025-06-16,2025-06-19,2025-06-23,2025-06-09,2025-07-25,47,75,2025-06-08
244,94,Carolyn Romero,mchavez@example.com,13,Advanced Art,129,Jerry Bailey,kjohns@example.com,16,Assignment16,2025-05-10,2025-06-04,2025-06-10,2025-06-07,2025-06-16,2025-06-19,2025-06-23,2025-06-09,2025-07-25,83,59,2025-06-12
245,69,Daniel Green,jamesmedina@example.com,13,Advanced Art,129,Jerry Bailey,kjohns@example.com,16,Assignment16,2025-05-10,2025-06-04,2025-06-10,2025-06-07,2025-06-16,2025-06-19,2025-06-23,2025-06-09,2025-07-25,59,49,2025-06-10
246,67,Cheryl Roberts,harrisonmarilyn@example.net,13,Advanced Art,129,Jerry Bailey,kjohns@example.com,16,Assignment16,2025-05-10,2025-06-04,2025-06-10,2025-06-07,2025-06-16,2025-06-19,2025-06-23,2025-06-09,2025-07-25,5,26,2025-06-14
247,108,Nicole Richardson,timothy72@example.com,13,Advanced Art,129,Jerry Bailey,kjohns@example.com,16,Assignment16,2025-05-10,2025-06-04,2025-06-10,2025-06-07,2025-06-16,2025-06-19,2025-06-23,2025-06-09,2025-07-25,211,64,2025-06-06
248,42,Larry Mccullough,andreagarcia@example.net,13,Advanced Art,129,Jerry Bailey,kjohns@example.com,16,Assignment16,2025-05-10,2025-06-04,2025-06-10,2025-06-07,2025-06-16,2025-06-19,2025-06-23,2025-06-09,2025-07-25,3,55,2025-06-14
249,19,Francis Mcknight,pcummings@example.net,13,Advanced Art,129,Jerry Bailey,kjohns@example.com,16,Assignment16,2025-05-10,2025-06-04,2025-06-10,2025-06-07,2025-06-16,2025-06-19,2025-06-23,2025-06-09,2025-07-25,145,40,2025-06-14
250,36,Michael Bryan,tjohnson@example.org,13,Advanced Art,129,Jerry Bailey,kjohns@example.com,16,Assignment16,2025-05-10,2025-06-04,2025-06-10,2025-06-07,2025-06-16,2025-06-19,2025-06-23,2025-06-09,2025-07-25,125,95,2025-06-04
251,88,Sarah Wu,ksmith@example.net,13,Advanced Art,129,Jerry Bailey,kjohns@example.com,16,Assignment16,2025-05-10,2025-06-04,2025-06-10,2025-06-07,2025-06-16,2025-06-19,2025-06-23,2025-06-09,2025-07-25,76,49,2025-06-04
252,38,Daniel Brooks,sarah61@example.com,13,Advanced Art,129,Jerry Bailey,kjohns@example.com,16,Assignment16,2025-05-10,2025-06-04,2025-06-10,2025-06-07,2025-06-16,2025-06-19,2025-06-23,2025-06-09,2025-07-25,56,50,2025-06-12
253,92,Dawn Watkins,mooresamantha@example.org,13,Advanced Art,129,Jerry Bailey,kjohns@example.com,16,Assignment16,2025-05-10,2025-06-04,2025-06-10,2025-06-07,2025-06-16,2025-06-19,2025-06-23,2025-06-09,2025-07-25,137,39,2025-06-13
254,85,Kylie Dorsey,kcampbell@example.net,13,Advanced Art,129,Jerry Bailey,kjohns@example.com,16,Assignment16,2025-05-10,2025-06-04,2025-06-10,2025-06-07,2025-06-16,2025-06-19,2025-06-23,2025-06-09,2025-07-25,80,47,2025-06-14
255,12,Lori Kennedy,mejiarenee@example.com,13,Advanced Art,129,Jerry Bailey,kjohns@example.com,16,Assignment16,2025-05-10,2025-06-04,2025-06-10,2025-06-07,2025-06-16,2025-06-19,2025-06-23,2025-06-09,2025-07-25,187,66,2025-06-14
256,118,Todd Taylor,fbrown@example.org,13,Advanced Art,129,Jerry Bailey,kjohns@example.com,16,Assignment16,2025-05-10,2025-06-04,2025-06-10,2025-06-07,2025-06-16,2025-06-19,2025-06-23,2025-06-09,2025-07-25,71,84,2025-06-05
257,78,Cassandra Webb,gharris@example.com,13,Advanced Art,129,Jerry Bailey,kjohns@example.com,16,Assignment16,2025-05-10,2025-06-04,2025-06-10,2025-06-07,2025-06-16,2025-06-19,2025-06-23,2025-06-09,2025-07-25,213,86,2025-06-07
258,118,Todd Taylor,fbrown@example.org,13,Advanced Art,129,Jerry Bailey,kjohns@example.com,27,Assignment27,2025-05-10,2025-06-17,2025-06-20,2025-06-17,2025-06-27,2025-07-02,2025-07-06,2025-06-09,2025-07-25,71,29,2025-06-24
259,88,Sarah Wu,ksmith@example.net,13,Advanced Art,129,Jerry Bailey,kjohns@example.com,27,Assignment27,2025-05-10,2025-06-17,2025-06-20,2025-06-17,2025-06-27,2025-07-02,2025-07-06,2025-06-09,2025-07-25,76,92,2025-06-13
260,19,Francis Mcknight,pcummings@example.net,13,Advanced Art,129,Jerry Bailey,kjohns@example.com,27,Assignment27,2025-05-10,2025-06-17,2025-06-20,2025-06-17,2025-06-27,2025-07-02,2025-07-06,2025-06-09,2025-07-25,145,99,2025-06-20
261,42,Larry Mccullough,andreagarcia@example.net,13,Advanced Art,129,Jerry Bailey,kjohns@example.com,27,Assignment27,2025-05-10,2025-06-17,2025-06-20,2025-06-17,2025-06-27,2025-07-02,2025-07-06,2025-06-09,2025-07-25,3,60,2025-06-23
262,12,Lori Kennedy,mejiarenee@example.com,13,Advanced Art,129,Jerry Bailey,kjohns@example.com,27,Assignment27,2025-05-10,2025-06-17,2025-06-20,2025-06-17,2025-06-27,2025-07-02,2025-07-06,2025-06-09,2025-07-25,187,74,2025-06-15
263,41,John Garrett,swalker@example.org,13,Advanced Art,129,Jerry Bailey,kjohns@example.com,27,Assignment27,2025-05-10,2025-06-17,2025-06-20,2025-06-17,2025-06-27,2025-07-02,2025-07-06,2025-06-09,2025-07-25,47,51,2025-06-25
264,78,Cassandra Webb,gharris@example.com,13,Advanced Art,129,Jerry Bailey,kjohns@example.com,27,Assignment27,2025-05-10,2025-06-17,2025-06-20,2025-06-17,2025-06-27,2025-07-02,2025-07-06,2025-06-09,2025-07-25,213,0,2025-06-26
265,94,Carolyn Romero,mchavez@example.com,13,Advanced Art,129,Jerry Bailey,kjohns@example.com,27,Assignment27,2025-05-10,2025-06-17,2025-06-20,2025-06-17,2025-06-27,2025-07-02,2025-07-06,2025-06-09,2025-07-25,83,95,2025-06-14
266,92,Dawn Watkins,mooresamantha@example.org,13,Advanced Art,129,Jerry Bailey,kjohns@example.com,27,Assignment27,2025-05-10,2025-06-17,2025-06-20,2025-06-17,2025-06-27,2025-07-02,2025-07-06,2025-06-09,2025-07-25,137,89,2025-06-20
267,67,Cheryl Roberts,harrisonmarilyn@example.net,13,Advanced Art,129,Jerry Bailey,kjohns@example.com,27,Assignment27,2025-05-10,2025-06-17,2025-06-20,2025-06-17,2025-06-27,2025-07-02,2025-07-06,2025-06-09,2025-07-25,5,92,2025-06-17
268,38,Daniel Brooks,sarah61@example.com,13,Advanced Art,129,Jerry Bailey,kjohns@example.com,27,Assignment27,2025-05-10,2025-06-17,2025-06-20,2025-06-17,2025-06-27,2025-07-02,2025-07-06,2025-06-09,2025-07-25,56,75,2025-06-16
269,69,Daniel Green,jamesmedina@example.com,13,Advanced Art,129,Jerry Bailey,kjohns@example.com,27,Assignment27,2025-05-10,2025-06-17,2025-06-20,2025-06-17,2025-06-27,2025-07-02,2025-07-06,2025-06-09,2025-07-25,59,0,2025-06-26
270,72,Adam Mills,michaellee@example.org,13,Advanced Art,129,Jerry Bailey,kjohns@example.com,27,Assignment27,2025-05-10,2025-06-17,2025-06-20,2025-06-17,2025-06-27,2025-07-02,2025-07-06,2025-06-09,2025-07-25,140,63,2025-06-22
271,36,Michael Bryan,tjohnson@example.org,13,Advanced Art,129,Jerry Bailey,kjohns@example.com,27,Assignment27,2025-05-10,2025-06-17,2025-06-20,2025-06-17,2025-06-27,2025-07-02,2025-07-06,2025-06-09,2025-07-25,125,40,2025-06-15
272,85,Kylie Dorsey,kcampbell@example.net,13,Advanced Art,129,Jerry Bailey,kjohns@example.com,27,Assignment27,2025-05-10,2025-06-17,2025-06-20,2025-06-17,2025-06-27,2025-07-02,2025-07-06,2025-06-09,2025-07-25,80,85,2025-06-16
273,108,Nicole Richardson,timothy72@example.com,13,Advanced Art,129,Jerry Bailey,kjohns@example.com,27,Assignment27,2025-05-10,2025-06-17,2025-06-20,2025-06-17,2025-06-27,2025-07-02,2025-07-06,2025-06-09,2025-07-25,211,43,2025-06-16
274,103,Daniel Wood,michael10@example.org,12,Art 101,123,Dr. Tina Lowe MD,jennifer59@example.org,11,Assignment11,2025-05-16,2025-05-18,2025-05-25,2025-05-22,2025-06-02,2025-06-01,2025-06-04,2025-06-19,2025-08-14,170,86,2025-05-22
275,57,Tyrone Perez,jaredmacias@example.net,12,Art 101,123,Dr. Tina Lowe MD,jennifer59@example.org,11,Assignment11,2025-05-16,2025-05-18,2025-05-25,2025-05-22,2025-06-02,2025-06-01,2025-06-04,2025-06-19,2025-08-14,39,65,2025-05-26
276,10,Victoria Johnson,zcaldwell@example.net,12,Art 101,123,Dr. Tina Lowe MD,jennifer59@example.org,11,Assignment11,2025-05-16,2025-05-18,2025-05-25,2025-05-22,2025-06-02,2025-06-01,2025-06-04,2025-06-19,2025-08-14,11,86,2025-05-25
277,120,Dominic Smith,pachecojustin@example.net,12,Art 101,123,Dr. Tina Lowe MD,jennifer59@example.org,11,Assignment11,2025-05-16,2025-05-18,2025-05-25,2025-05-22,2025-06-02,2025-06-01,2025-06-04,2025-06-19,2025-08-14,105,45,2025-05-18
278,119,David Fields,michaelsmith@example.net,12,Art 101,123,Dr. Tina Lowe MD,jennifer59@example.org,11,Assignment11,2025-05-16,2025-05-18,2025-05-25,2025-05-22,2025-06-02,2025-06-01,2025-06-04,2025-06-19,2025-08-14,134,78,2025-05-26
279,7,Matthew Lozano,nathan66@example.com,12,Art 101,123,Dr. Tina Lowe MD,jennifer59@example.org,11,Assignment11,2025-05-16,2025-05-18,2025-05-25,2025-05-22,2025-06-02,2025-06-01,2025-06-04,2025-06-19,2025-08-14,27,79,2025-05-21
280,29,Joseph Evans,millerlaura@example.org,12,Art 101,123,Dr. Tina Lowe MD,jennifer59@example.org,11,Assignment11,2025-05-16,2025-05-18,2025-05-25,2025-05-22,2025-06-02,2025-06-01,2025-06-04,2025-06-19,2025-08-14,113,73,2025-05-29
281,47,Chase Smith,barranthony@example.com,12,Art 101,123,Dr. Tina Lowe MD,jennifer59@example.org,11,Assignment11,2025-05-16,2025-05-18,2025-05-25,2025-05-22,2025-06-02,2025-06-01,2025-06-04,2025-06-19,2025-08-14,194,44,2025-05-24
282,77,Nicole Garcia,morrisonalicia@example.com,12,Art 101,123,Dr. Tina Lowe MD,jennifer59@example.org,11,Assignment11,2025-05-16,2025-05-18,2025-05-25,2025-05-22,2025-06-02,2025-06-01,2025-06-04,2025-06-19,2025-08-14,22,86,2025-05-19
283,74,Paul Mcdowell,elizabethmiller@example.com,12,Art 101,123,Dr. Tina Lowe MD,jennifer59@example.org,11,Assignment11,2025-05-16,2025-05-18,2025-05-25,2025-05-22,2025-06-02,2025-06-01,2025-06-04,2025-06-19,2025-08-14,103,29,2025-05-28
284,44,Justin Sullivan,michaelduncan@example.net,12,Art 101,123,Dr. Tina Lowe MD,jennifer59@example.org,11,Assignment11,2025-05-16,2025-05-18,2025-05-25,2025-05-22,2025-06-02,2025-06-01,2025-06-04,2025-06-19,2025-08-14,16,100,2025-05-25
285,6,Melinda Martinez,qharvey@example.org,12,Art 101,123,Dr. Tina Lowe MD,jennifer59@example.org,11,Assignment11,2025-05-16,2025-05-18,2025-05-25,2025-05-22,2025-06-02,2025-06-01,2025-06-04,2025-06-19,2025-08-14,44,33,2025-05-30
286,76,Kayla Lewis,lori27@example.org,12,Art 101,123,Dr. Tina Lowe MD,jennifer59@example.org,11,Assignment11,2025-05-16,2025-05-18,2025-05-25,2025-05-22,2025-06-02,2025-06-01,2025-06-04,2025-06-19,2025-08-14,68,0,2025-05-31
287,11,Jacqueline Carter,harryadams@example.net,12,Art 101,123,Dr. Tina Lowe MD,jennifer59@example.org,11,Assignment11,2025-05-16,2025-05-18,2025-05-25,2025-05-22,2025-06-02,2025-06-01,2025-06-04,2025-06-19,2025-08-14,88,82,2025-05-22
288,60,Madison Manning,ryanmartin@example.net,12,Art 101,123,Dr. Tina Lowe MD,jennifer59@example.org,11,Assignment11,2025-05-16,2025-05-18,2025-05-25,2025-05-22,2025-06-02,2025-06-01,2025-06-04,2025-06-19,2025-08-14,33,47,2025-05-18
289,57,Tyrone Perez,jaredmacias@example.net,12,Art 101,123,Dr. Tina Lowe MD,jennifer59@example.org,19,Assignment19,2025-05-16,2025-06-01,2025-06-03,2025-05-31,2025-06-13,2025-06-13,2025-06-15,2025-06-19,2025-08-14,39,50,2025-06-07
290,120,Dominic Smith,pachecojustin@example.net,12,Art 101,123,Dr. Tina Lowe MD,jennifer59@example.org,19,Assignment19,2025-05-16,2025-06-01,2025-06-03,2025-05-31,2025-06-13,2025-06-13,2025-06-15,2025-06-19,2025-08-14,105,78,2025-06-04
291,29,Joseph Evans,millerlaura@example.org,12,Art 101,123,Dr. Tina Lowe MD,jennifer59@example.org,19,Assignment19,2025-05-16,2025-06-01,2025-06-03,2025-05-31,2025-06-13,2025-06-13,2025-06-15,2025-06-19,2025-08-14,113,44,2025-05-30
292,10,Victoria Johnson,zcaldwell@example.net,12,Art 101,123,Dr. Tina Lowe MD,jennifer59@example.org,19,Assignment19,2025-05-16,2025-06-01,2025-06-03,2025-05-31,2025-06-13,2025-06-13,2025-06-15,2025-06-19,2025-08-14,11,81,2025-06-01
293,77,Nicole Garcia,morrisonalicia@example.com,12,Art 101,123,Dr. Tina Lowe MD,jennifer59@example.org,19,Assignment19,2025-05-16,2025-06-01,2025-06-03,2025-05-31,2025-06-13,2025-06-13,2025-06-15,2025-06-19,2025-08-14,22,91,2025-05-29
294,76,Kayla Lewis,lori27@example.org,12,Art 101,123,Dr. Tina Lowe MD,jennifer59@example.org,19,Assignment19,2025-05-16,2025-06-01,2025-06-03,2025-05-31,2025-06-13,2025-06-13,2025-06-15,2025-06-19,2025-08-14,68,27,2025-06-08
295,119,David Fields,michaelsmith@example.net,12,Art 101,123,Dr. Tina Lowe MD,jennifer59@example.org,19,Assignment19,2025-05-16,2025-06-01,2025-06-03,2025-05-31,2025-06-13,2025-06-13,2025-06-15,2025-06-19,2025-08-14,134,78,2025-05-29
296,25,Jonathan Ortiz,millerbryce@example.net,12,Art 101,123,Dr. Tina Lowe MD,jennifer59@example.org,19,Assignment19,2025-05-16,2025-06-01,2025-06-03,2025-05-31,2025-06-13,2025-06-13,2025-06-15,2025-06-19,2025-08-14,174,36,2025-06-08
297,98,Renee Moore,nflores@example.com,12,Art 101,123,Dr. Tina Lowe MD,jennifer59@example.org,19,Assignment19,2025-05-16,2025-06-01,2025-06-03,2025-05-31,2025-06-13,2025-06-13,2025-06-15,2025-06-19,2025-08-14,150,69,2025-06-07
298,26,Jessica Burke,quinnmichelle@example.com,12,Art 101,123,Dr. Tina Lowe MD,jennifer59@example.org,19,Assignment19,2025-05-16,2025-06-01,2025-06-03,2025-05-31,2025-06-13,2025-06-13,2025-06-15,2025-06-19,2025-08-14,13,62,2025-06-03
299,74,Paul Mcdowell,elizabethmiller@example.com,12,Art 101,123,Dr. Tina Lowe MD,jennifer59@example.org,19,Assignment19,2025-05-16,2025-06-01,2025-06-03,2025-05-31,2025-06-13,2025-06-13,2025-06-15,2025-06-19,2025-08-14,103,50,2025-05-28
300,7,Matthew Lozano,nathan66@example.com,12,Art 101,123,Dr. Tina Lowe MD,jennifer59@example.org,19,Assignment19,2025-05-16,2025-06-01,2025-06-03,2025-05-31,2025-06-13,2025-06-13,2025-06-15,2025-06-19,2025-08-14,27,73,2025-06-02
301,103,Daniel Wood,michael10@example.org,12,Art 101,123,Dr. Tina Lowe MD,jennifer59@example.org,19,Assignment19,2025-05-16,2025-06-01,2025-06-03,2025-05-31,2025-06-13,2025-06-13,2025-06-15,2025-06-19,2025-08-14,170,46,2025-06-07
302,11,Jacqueline Carter,harryadams@example.net,12,Art 101,123,Dr. Tina Lowe MD,jennifer59@example.org,19,Assignment19,2025-05-16,2025-06-01,2025-06-03,2025-05-31,2025-06-13,2025-06-13,2025-06-15,2025-06-19,2025-08-14,88,50,2025-05-31
303,9,Jessica Vasquez,amyjensen@example.net,12,Art 101,123,Dr. Tina Lowe MD,jennifer59@example.org,19,Assignment19,2025-05-16,2025-06-01,2025-06-03,2025-05-31,2025-06-13,2025-06-13,2025-06-15,2025-06-19,2025-08-14,156,56,2025-05-30
304,6,Melinda Martinez,qharvey@example.org,12,Art 101,123,Dr. Tina Lowe MD,jennifer59@example.org,19,Assignment19,2025-05-16,2025-06-01,2025-06-03,2025-05-31,2025-06-13,2025-06-13,2025-06-15,2025-06-19,2025-08-14,44,50,2025-06-06
305,40,Ashley Owens,shelbygreene@example.org,12,Art 101,123,Dr. Tina Lowe MD,jennifer59@example.org,19,Assignment19,2025-05-16,2025-06-01,2025-06-03,2025-05-31,2025-06-13,2025-06-13,2025-06-15,2025-06-19,2025-08-14,87,29,2025-06-06
306,60,Madison Manning,ryanmartin@example.net,12,Art 101,123,Dr. Tina Lowe MD,jennifer59@example.org,19,Assignment19,2025-05-16,2025-06-01,2025-06-03,2025-05-31,2025-06-13,2025-06-13,2025-06-15,2025-06-19,2025-08-14,33,51,2025-06-06
307,44,Justin Sullivan,michaelduncan@example.net,12,Art 101,123,Dr. Tina Lowe MD,jennifer59@example.org,19,Assignment19,2025-05-16,2025-06-01,2025-06-03,2025-05-31,2025-06-13,2025-06-13,2025-06-15,2025-06-19,2025-08-14,16,56,2025-06-03
308,79,John Morris,donna62@example.net,9,Math 101,128,Mariah Gill,garyliu@example.net,12,Assignment12,2025-05-13,2025-05-20,2025-05-27,2025-05-24,2025-06-05,2025-06-06,2025-06-09,2025-06-23,2025-08-03,152,65,2025-05-21
309,4,Denise Mack,reginafowler@example.org,9,Math 101,128,Mariah Gill,garyliu@example.net,12,Assignment12,2025-05-13,2025-05-20,2025-05-27,2025-05-24,2025-06-05,2025-06-06,2025-06-09,2025-06-23,2025-08-03,142,37,2025-06-01
310,31,Cindy Taylor,klong@example.com,9,Math 101,128,Mariah Gill,garyliu@example.net,12,Assignment12,2025-05-13,2025-05-20,2025-05-27,2025-05-24,2025-06-05,2025-06-06,2025-06-09,2025-06-23,2025-08-03,4,59,2025-05-28
311,57,Tyrone Perez,jaredmacias@example.net,9,Math 101,128,Mariah Gill,garyliu@example.net,12,Assignment12,2025-05-13,2025-05-20,2025-05-27,2025-05-24,2025-06-05,2025-06-06,2025-06-09,2025-06-23,2025-08-03,40,87,2025-05-21
312,83,Austin Hurley,mckeekristie@example.org,9,Math 101,128,Mariah Gill,garyliu@example.net,12,Assignment12,2025-05-13,2025-05-20,2025-05-27,2025-05-24,2025-06-05,2025-06-06,2025-06-09,2025-06-23,2025-08-03,193,70,2025-05-20
313,66,Austin Peterson,christine66@example.net,9,Math 101,128,Mariah Gill,garyliu@example.net,12,Assignment12,2025-05-13,2025-05-20,2025-05-27,2025-05-24,2025-06-05,2025-06-06,2025-06-09,2025-06-23,2025-08-03,133,0,2025-06-02
314,65,Mark Graham,brownandrea@example.com,9,Math 101,128,Mariah Gill,garyliu@example.net,12,Assignment12,2025-05-13,2025-05-20,2025-05-27,2025-05-24,2025-06-05,2025-06-06,2025-06-09,2025-06-23,2025-08-03,114,70,2025-05-28
315,87,David Gonzalez,xbrooks@example.net,9,Math 101,128,Mariah Gill,garyliu@example.net,12,Assignment12,2025-05-13,2025-05-20,2025-05-27,2025-05-24,2025-06-05,2025-06-06,2025-06-09,2025-06-23,2025-08-03,101,47,2025-05-29
316,17,Daniel Wright,mhenderson@example.com,9,Math 101,128,Mariah Gill,garyliu@example.net,12,Assignment12,2025-05-13,2025-05-20,2025-05-27,2025-05-24,2025-06-05,2025-06-06,2025-06-09,2025-06-23,2025-08-03,107,86,2025-05-26
317,10,Victoria Johnson,zcaldwell@example.net,9,Math 101,128,Mariah Gill,garyliu@example.net,12,Assignment12,2025-05-13,2025-05-20,2025-05-27,2025-05-24,2025-06-05,2025-06-06,2025-06-09,2025-06-23,2025-08-03,12,69,2025-05-31
318,4,Denise Mack,reginafowler@example.org,9,Math 101,128,Mariah Gill,garyliu@example.net,17,Assignment17,2025-05-13,2025-06-03,2025-06-08,2025-06-05,2025-06-18,2025-06-18,2025-06-23,2025-06-23,2025-08-03,142,33,2025-06-11
319,79,John Morris,donna62@example.net,9,Math 101,128,Mariah Gill,garyliu@example.net,17,Assignment17,2025-05-13,2025-06-03,2025-06-08,2025-06-05,2025-06-18,2025-06-18,2025-06-23,2025-06-23,2025-08-03,152,59,2025-06-13
320,66,Austin Peterson,christine66@example.net,9,Math 101,128,Mariah Gill,garyliu@example.net,17,Assignment17,2025-05-13,2025-06-03,2025-06-08,2025-06-05,2025-06-18,2025-06-18,2025-06-23,2025-06-23,2025-08-03,133,87,2025-06-08
321,87,David Gonzalez,xbrooks@example.net,9,Math 101,128,Mariah Gill,garyliu@example.net,17,Assignment17,2025-05-13,2025-06-03,2025-06-08,2025-06-05,2025-06-18,2025-06-18,2025-06-23,2025-06-23,2025-08-03,101,58,2025-06-11
322,17,Daniel Wright,mhenderson@example.com,9,Math 101,128,Mariah Gill,garyliu@example.net,17,Assignment17,2025-05-13,2025-06-03,2025-06-08,2025-06-05,2025-06-18,2025-06-18,2025-06-23,2025-06-23,2025-08-03,107,89,2025-06-02
323,31,Cindy Taylor,klong@example.com,9,Math 101,128,Mariah Gill,garyliu@example.net,17,Assignment17,2025-05-13,2025-06-03,2025-06-08,2025-06-05,2025-06-18,2025-06-18,2025-06-23,2025-06-23,2025-08-03,4,75,2025-06-04
324,83,Austin Hurley,mckeekristie@example.org,9,Math 101,128,Mariah Gill,garyliu@example.net,17,Assignment17,2025-05-13,2025-06-03,2025-06-08,2025-06-05,2025-06-18,2025-06-18,2025-06-23,2025-06-23,2025-08-03,193,55,2025-06-08
325,65,Mark Graham,brownandrea@example.com,9,Math 101,128,Mariah Gill,garyliu@example.net,17,Assignment17,2025-05-13,2025-06-03,2025-06-08,2025-06-05,2025-06-18,2025-06-18,2025-06-23,2025-06-23,2025-08-03,114,92,2025-06-01
326,25,Jonathan Ortiz,millerbryce@example.net,3,Intro to Biology,125,Sheila Simmons,shannonbuchanan@example.com,18,Assignment18,2025-05-08,2025-05-13,2025-05-22,2025-05-19,2025-05-28,2025-06-02,2025-06-07,2025-06-14,2025-08-04,173,40,2025-05-23
327,111,Connor Martin,twarner@example.net,3,Intro to Biology,125,Sheila Simmons,shannonbuchanan@example.com,18,Assignment18,2025-05-08,2025-05-13,2025-05-22,2025-05-19,2025-05-28,2025-06-02,2025-06-07,2025-06-14,2025-08-04,31,21,2025-05-27
328,97,Stephanie Miller,daniel84@example.com,3,Intro to Biology,125,Sheila Simmons,shannonbuchanan@example.com,18,Assignment18,2025-05-08,2025-05-13,2025-05-22,2025-05-19,2025-05-28,2025-06-02,2025-06-07,2025-06-14,2025-08-04,209,47,2025-05-24
329,99,Jonathan Ritter,michaelcook@example.net,3,Intro to Biology,125,Sheila Simmons,shannonbuchanan@example.com,18,Assignment18,2025-05-08,2025-05-13,2025-05-22,2025-05-19,2025-05-28,2025-06-02,2025-06-07,2025-06-14,2025-08-04,42,46,2025-05-17
330,56,Richard Lopez,christina86@example.org,3,Intro to Biology,125,Sheila Simmons,shannonbuchanan@example.com,18,Assignment18,2025-05-08,2025-05-13,2025-05-22,2025-05-19,2025-05-28,2025-06-02,2025-06-07,2025-06-14,2025-08-04,202,96,2025-05-22
331,50,Karen Carter,bwade@example.org,3,Intro to Biology,125,Sheila Simmons,shannonbuchanan@example.com,18,Assignment18,2025-05-08,2025-05-13,2025-05-22,2025-05-19,2025-05-28,2025-06-02,2025-06-07,2025-06-14,2025-08-04,207,51,2025-05-18
332,45,Spencer Hoover,stevenhuynh@example.org,3,Intro to Biology,125,Sheila Simmons,shannonbuchanan@example.com,18,Assignment18,2025-05-08,2025-05-13,2025-05-22,2025-05-19,2025-05-28,2025-06-02,2025-06-07,2025-06-14,2025-08-04,177,42,2025-05-25
333,62,David Howell,vpatterson@example.net,3,Intro to Biology,125,Sheila Simmons,shannonbuchanan@example.com,18,Assignment18,2025-05-08,2025-05-13,2025-05-22,2025-05-19,2025-05-28,2025-06-02,2025-06-07,2025-06-14,2025-08-04,8,81,2025-05-19
334,120,Dominic Smith,pachecojustin@example.net,3,Intro to Biology,125,Sheila Simmons,shannonbuchanan@example.com,18,Assignment18,2025-05-08,2025-05-13,2025-05-22,2025-05-19,2025-05-28,2025-06-02,2025-06-07,2025-06-14,2025-08-04,106,60,2025-05-24
335,11,Jacqueline Carter,harryadams@example.net,3,Intro to Biology,125,Sheila Simmons,shannonbuchanan@example.com,18,Assignment18,2025-05-08,2025-05-13,2025-05-22,2025-05-19,2025-05-28,2025-06-02,2025-06-07,2025-06-14,2025-08-04,89,36,2025-05-27
336,93,Dalton Gilbert,stuartbrandon@example.com,3,Intro to Biology,125,Sheila Simmons,shannonbuchanan@example.com,18,Assignment18,2025-05-08,2025-05-13,2025-05-22,2025-05-19,2025-05-28,2025-06-02,2025-06-07,2025-06-14,2025-08-04,26,45,2025-05-16
337,70,David Tanner,rgreen@example.com,4,Philosophy 201,125,Sheila Simmons,shannonbuchanan@example.com,26,Assignment26,2025-05-16,2025-05-23,2025-06-06,2025-06-03,2025-06-15,2025-06-15,2025-06-18,2025-06-27,2025-08-05,164,79,2025-06-03
338,27,Terry Armstrong,amccullough@example.net,4,Philosophy 201,125,Sheila Simmons,shannonbuchanan@example.com,26,Assignment26,2025-05-16,2025-05-23,2025-06-06,2025-06-03,2025-06-15,2025-06-15,2025-06-18,2025-06-27,2025-08-05,130,64,2025-06-06
339,1,Jesse Marshall,linda25@example.net,4,Philosophy 201,125,Sheila Simmons,shannonbuchanan@example.com,26,Assignment26,2025-05-16,2025-05-23,2025-06-06,2025-06-03,2025-06-15,2025-06-15,2025-06-18,2025-06-27,2025-08-05,175,44,2025-06-06
340,81,Raymond Mann,rachel28@example.com,4,Philosophy 201,125,Sheila Simmons,shannonbuchanan@example.com,26,Assignment26,2025-05-16,2025-05-23,2025-06-06,2025-06-03,2025-06-15,2025-06-15,2025-06-18,2025-06-27,2025-08-05,54,0,2025-06-12
341,80,Richard Bowen,rosebilly@example.net,4,Philosophy 201,125,Sheila Simmons,shannonbuchanan@example.com,26,Assignment26,2025-05-16,2025-05-23,2025-06-06,2025-06-03,2025-06-15,2025-06-15,2025-06-18,2025-06-27,2025-08-05,149,0,2025-06-12
342,6,Melinda Martinez,qharvey@example.org,4,Philosophy 201,125,Sheila Simmons,shannonbuchanan@example.com,26,Assignment26,2025-05-16,2025-05-23,2025-06-06,2025-06-03,2025-06-15,2025-06-15,2025-06-18,2025-06-27,2025-08-05,43,0,2025-06-12
343,37,Samuel Gibson,garciamonica@example.org,4,Philosophy 201,125,Sheila Simmons,shannonbuchanan@example.com,26,Assignment26,2025-05-16,2025-05-23,2025-06-06,2025-06-03,2025-06-15,2025-06-15,2025-06-18,2025-06-27,2025-08-05,25,61,2025-05-31
344,63,Sherri Briggs,brian98@example.net,4,Philosophy 201,125,Sheila Simmons,shannonbuchanan@example.com,26,Assignment26,2025-05-16,2025-05-23,2025-06-06,2025-06-03,2025-06-15,2025-06-15,2025-06-18,2025-06-27,2025-08-05,51,55,2025-05-30
345,71,Cory Henderson,leeveronica@example.org,4,Philosophy 201,125,Sheila Simmons,shannonbuchanan@example.com,26,Assignment26,2025-05-16,2025-05-23,2025-06-06,2025-06-03,2025-06-15,2025-06-15,2025-06-18,2025-06-27,2025-08-05,63,48,2025-06-05
346,111,Connor Martin,twarner@example.net,4,Philosophy 201,125,Sheila Simmons,shannonbuchanan@example.com,26,Assignment26,2025-05-16,2025-05-23,2025-06-06,2025-06-03,2025-06-15,2025-06-15,2025-06-18,2025-06-27,2025-08-05,30,76,2025-06-09
347,24,Brett Jacobson,moralesmary@example.com,4,Philosophy 201,125,Sheila Simmons,shannonbuchanan@example.com,26,Assignment26,2025-05-16,2025-05-23,2025-06-06,2025-06-03,2025-06-15,2025-06-15,2025-06-18,2025-06-27,2025-08-05,93,42,2025-05-31
348,23,Alexis Brown,fuentesgregory@example.net,4,Philosophy 201,125,Sheila Simmons,shannonbuchanan@example.com,26,Assignment26,2025-05-16,2025-05-23,2025-06-06,2025-06-03,2025-06-15,2025-06-15,2025-06-18,2025-06-27,2025-08-05,74,74,2025-06-04
349,22,Michelle Lee,gwood@example.org,4,Philosophy 201,125,Sheila Simmons,shannonbuchanan@example.com,26,Assignment26,2025-05-16,2025-05-23,2025-06-06,2025-06-03,2025-06-15,2025-06-15,2025-06-18,2025-06-27,2025-08-05,122,76,2025-06-02
350,20,Thomas Soto,ellisrobert@example.org,4,Philosophy 201,125,Sheila Simmons,shannonbuchanan@example.com,26,Assignment26,2025-05-16,2025-05-23,2025-06-06,2025-06-03,2025-06-15,2025-06-15,2025-06-18,2025-06-27,2025-08-05,120,84,2025-06-08
351,13,Alejandra Thomas,turnermichael@example.com,4,Philosophy 201,125,Sheila Simmons,shannonbuchanan@example.com,26,Assignment26,2025-05-16,2025-05-23,2025-06-06,2025-06-03,2025-06-15,2025-06-15,2025-06-18,2025-06-27,2025-08-05,61,63,2025-06-02
352,55,Jeffrey Kennedy,ckent@example.net,4,Philosophy 201,125,Sheila Simmons,shannonbuchanan@example.com,26,Assignment26,2025-05-16,2025-05-23,2025-06-06,2025-06-03,2025-06-15,2025-06-15,2025-06-18,2025-06-27,2025-08-05,48,71,2025-06-03
353,16,Travis Ruiz,amanda97@example.com,4,Philosophy 201,125,Sheila Simmons,shannonbuchanan@example.com,26,Assignment26,2025-05-16,2025-05-23,2025-06-06,2025-06-03,2025-06-15,2025-06-15,2025-06-18,2025-06-27,2025-08-05,172,61,2025-05-31
